Source,Hindi,Transliteration,Meaning
Getting Started PDF,नमस्ते !,NamaSTe,Hello
Getting Started PDF,हिंदी,hiNDii,Hindi
Getting Started PDF,सुनना,SuNaNaa,To listen
Getting Started PDF,बोलना,boLaNaa,To speak
Getting Started PDF,समझना,SamajhaNaa,To understand
Getting Started PDF,पढ़ना,parhNaa,To read
Getting Started PDF,आपसे मिलकर खुशी हुई|,aapaSe miLakar khusii huyii,Nice to meet you
Getting Started PDF,आप,aap,You
Getting Started PDF,मैं,main,I/me/myself
Getting Started PDF,शब्द,sabD,word
Getting Started PDF,आपका नाम क्या है?,aapakaa Naam kyaa hai?,What's your name?
Getting Started PDF,मैं ... हूँ।,main ... huun.,I am (name).
Top 25 Cheatsheet,आपका नाम क्या है?,aapakaa Naam kyaa hai?,What's your name?
Top 25 Cheatsheet,आप कहाँ से हैं?,aap kahaan Se hain?,Where are you from?
Top 25 Cheatsheet,आप कहाँ रहते हैं?,aap kahaan rahate hain?,Where do you live?
Top 25 Cheatsheet,आप क्या करते हैं?,aap kyaa karaTe hain?,What do you do?
Top 25 Cheatsheet,क्या आप हिंदी बोलते हैं?,kyaa aap hiNDii bolaTe hain?,Do you speak Hindi?
Top 25 Cheatsheet,आप कितने समय से हिंदी की पढ़ाई कर रहे हैं?,aap kiTaNe Samay Se hiNDii kii padhaaii kar rahe hain?,How long have you been studying Hindi?
Top 25 Cheatsheet,आपने हिंदी कहाँ से सीखी ?,aapaNe hiNDii kahaan Se Siikhii?,Where did you learn Hindi?
Top 25 Cheatsheet,क्या आप भारतीय खाना खा सकते हैं?,kyaa aap bhaaraTiiy khaaNaa khaa SakaTe hain?,Can you eat Indian food?
Top 25 Cheatsheet,क्या आपको भारतीय खाना पसंद है?,kyaa aapako bhaaraTiiy khaaNaa paSaND hai?,Do you like Indian food?
Top 25 Cheatsheet,कैसा है?,kaiSaa hai?,How is it? (food)
Top 25 Cheatsheet,आपकी उम्र क्या है?,aapakii umr kyaa hai?,How old are you?
Top 25 Cheatsheet,आपका जन्मदिन कब है?,aapakaa jaNmaDiN kab hai?,When is your birthday?
Top 25 Cheatsheet,क्या आपके कोई भाई-बहन हैं?,kyaa aapake koii bhaaii-bahan hain?,Do you have brothers and sisters?
Top 25 Cheatsheet,आप कितने लंबे हैं?,aap kiTaNe Lambe hain?,How tall are you?
Top 25 Cheatsheet,क्या आपके पास मोबाइल फ़ोन है?,kyaa aapake paas mobaail foN hai?,Do you have a cell phone?
Top 25 Cheatsheet,आप कैसे हैं?,aap kaise hain?,How are you?
Top 25 Cheatsheet,कितने बजे हैं?,kiTaNe baje hain?,What time is it?
Top 25 Cheatsheet,आप क्या कर रहे हैं?,aap kyaa kar rahe hain?,What are you doing?
Top 25 Cheatsheet,क्या गड़बड़ है?,kyaa gadabad hai?,What's wrong?
Top 25 Cheatsheet,नई दिल्ली में मौसम कैसा है?,Nayii DiLLii men mauSam kaiSaa hai?,What's the weather like in New Delhi?
Top 25 Cheatsheet,क्या आपको भूख लग रही है?,kyaa aapako bhuukh Lag rahii hai?,Are you hungry?
Top 25 Cheatsheet,यह क्या है?,yah kyaa hai?,What's this?
Top 25 Cheatsheet,यह किसका है?,yah kisakaa hai?,Whose is this?
Top 25 Cheatsheet,क्या तुम नई दिल्ली गए हो ?,kyaa Tum Nayii DiLLii gaye ho?,Have you been to New Delhi?
Top 25 Cheatsheet,यह कितने का है?,yah kiTaNe kaa hai?,How much is this?
Common Phrases,धन्यवाद,DhaNyavaad,Thank you
Common Phrases,कृपया,krpyaa,Please
Common Phrases,माफ कीजिए,maaf kiijiye,Sorry / Excuse me
Common Phrases,कोई बात नहीं,koii baaT nahin,No problem
Common Phrases,हाँ,haan,Yes
Common Phrases,नहीं,nahin,No
Common Phrases,शुभ प्रभात,shubh prabhaat,Good morning
Common Phrases,शुभ रात्रि,shubh raatrii,Good night
Common Phrases,फिर मिलेंगे,phir miLeNGe,See you again
Common Phrases,कृपया धीरे बोलिए,krpyaa dhiire boliye,Please speak slowly
Common Phrases,मुझे समझ नहीं आया,mujhe Samajh nahin aayaa,I didn't understand
Common Phrases,क्या आप दोबारा कह सकते हैं?,kyaa aap dobaaraa kah SakaTe hain?,Can you say that again?
Common Phrases,बाथरूम कहाँ है?,baaTHruum kahaan hai?,Where is the bathroom?
Common Phrases,पानी कहाँ मिल सकता है?,paaNii kahaan miL SakaTaa hai?,Where can I get water?
Common Phrases,मदद कीजिए,maDaD kiijiye,Please help
Common Phrases,मुझे हिंदी पसंद है,mujhe hiNDii paSaND hai,I like Hindi
Vocabulary - Numbers,शून्य,shunya,Zero
Vocabulary - Numbers,एक,ek,One
Vocabulary - Numbers,दो,do,Two
Vocabulary - Numbers,तीन,teen,Three
Vocabulary - Numbers,चार,chaar,Four
Vocabulary - Numbers,पाँच,paanch,Five
Vocabulary - Numbers,छह,chhah,Six
Vocabulary - Numbers,सात,saat,Seven
Vocabulary - Numbers,आठ,aath,Eight
Vocabulary - Numbers,नौ,nau,Nine
Vocabulary - Numbers,दस,das,Ten
Vocabulary - Numbers,बीस,bees,Twenty
Vocabulary - Numbers,तीस,tees,Thirty
Vocabulary - Numbers,चालीस,chaalees,Forty
Vocabulary - Numbers,पचास,pachaas,Fifty
Vocabulary - Numbers,सौ,sau,One Hundred
Vocabulary - Numbers,हज़ार,hazaar,One Thousand
Vocabulary - Colors,रंग,rang,Color
Vocabulary - Colors,सफ़ेद,safed,White
Vocabulary - Colors,काला,kāla,Black
Vocabulary - Colors,लाल,lāl,Red
Vocabulary - Colors,नारंगी,nārangī,Orange
Vocabulary - Colors,पीला,pīlā,Yellow
Vocabulary - Colors,हरा,harā,Green
Vocabulary - Colors,नीला,nīlā,Blue
Vocabulary - Colors,बैंगनी,bainganī,Violet/Purple
Vocabulary - Colors,गुलाबी,gulābī,Pink
Vocabulary - Colors,भूरा,bhūrā,Brown
Vocabulary - Family,परिवार,parivaar,Family
Vocabulary - Family,पिता,pitaa,Father
Vocabulary - Family,माँ,maan,Mother
Vocabulary - Family,भाई,bhai,Brother
Vocabulary - Family,बहन,behan,Sister
Vocabulary - Family,बेटा,beta,Son
Vocabulary - Family,बेटी,beti,Daughter
Vocabulary - Family,दादा,daadaa,Grandfather (paternal)
Vocabulary - Family,दादी,daadi,Grandmother (paternal)
Vocabulary - Family,नाना,naanaa,Grandfather (maternal)
Vocabulary - Family,नानी,naani,Grandmother (maternal)
Vocabulary - Family,चाचा,chaachaa,Uncle (paternal)
Vocabulary - Family,दोस्त,dost,Friend
Vocabulary - Days,रविवार,ravivaar,Sunday
Vocabulary - Days,सोमवार,somvaar,Monday
Vocabulary - Days,मंगलवार,mangalvaar,Tuesday
Vocabulary - Days,बुधवार,budhvaar,Wednesday
Vocabulary - Days,गुरुवार,guruvaar,Thursday
Vocabulary - Days,शुक्रवार,shukravaar,Friday
Vocabulary - Days,शनिवार,shanivaar,Saturday
Vocabulary - Months,जनवरी,janvaree,January
Vocabulary - Months,फ़रवरी,farvaree,February
Vocabulary - Months,मार्च,maarch,March
Vocabulary - Months,अप्रैल,aprail,April
Vocabulary - Months,मई,maee,May
Vocabulary - Months,जून,joon,June
Vocabulary - Months,जुलाई,joolaee,July
Vocabulary - Months,अगस्त,aagast,August
Vocabulary - Months,सितम्बर,sitambar,September
Vocabulary - Months,अक्टूबर,aktoobar,October
Vocabulary - Months,नवंबर,navambar,November
Vocabulary - Months,दिसम्बर,disambar,December
Vocabulary - General,सेब,seb,Apple
Vocabulary - General,केला,kela,Banana
Vocabulary - General,आम,aam,Mango
Vocabulary - General,संतरा,santara,Orange
Vocabulary - General,आलू,aaloo,Potato
Vocabulary - General,प्याज़,pyaaz,Onion
Vocabulary - General,टमाटर,tamatar,Tomato
Vocabulary - General,पानी,paani,Water
Vocabulary - General,खाना,khaana,To eat / Food
Vocabulary - General,पीना,peena,To drink
Vocabulary - General,सोना,sona,To sleep
Vocabulary - General,जाना,jaana,To go
Vocabulary - General,आना,aana,To come
Vocabulary - General,देखना,dekhna,To see
Vocabulary - General,करना,karna,To do
Vocabulary - General,पढ़ना,padhna,To read
Vocabulary - General,लिखना,likhna,To write
Basic Hindi,क्या,kyaa,What
Basic Hindi,हाल,haal,Condition/Situation
Basic Hindi,सब,sab,All
Basic Hindi,ठीक,Thiik,Okay
Basic Hindi,और,aur,And
Basic Hindi,तुम,tum,You (Informal)
Basic Hindi,भी,bhii,too
Basic Hindi,चलना,chalanaa,to walk/to go
Basic Hindi,फिर,phir,again
Basic Hindi,परिचय,parichay,Introduction
Basic Hindi,आपका,aapkaa,Your (Honorific/Formal)
Basic Hindi,नाम,naam,Name
Basic Hindi,मेरा,meraa,My
Basic Hindi,कहाँ,kahaan,Where
Basic Hindi,कितना,kitnaa,How much/many
Basic Hindi,साल,saal,year
Basic Hindi,उम्र,umr,Age
Basic Hindi,यह,ye,"S/he, This"
Basic Hindi,लड़का,laRakaa,Boy
Basic Hindi,कौन,kaun,Who
Basic Hindi,अच्छा,achchhaa,Good/Well
Basic Hindi,ख़ुशी,khushii,Happiness
Basic Hindi,मुझे,mujhe,To me (Dative case form of I)
Basic Hindi,अंग्रेज़ी,angrezii,English
Basic Hindi,राजनीति शास्त्र,raajniiti,shaastr Political Science
Basic Hindi,अर्थ शास्त्र,arth,shaastr Economics
Basic Hindi,प्रिय,priye,Dear
Basic Hindi,मेज़बान,mezabaan,Host
Basic Hindi,बाईस,baaiis,twenty two
Basic Hindi,साल,saal,year
Basic Hindi,विश्वविद्यालय,vishwa-vidyaalay,University
Basic Hindi,छात्रा,chhaatraa,Student (female)
Basic Hindi,मेरा,meraa,My
Basic Hindi,मेजर,major,Major
Basic Hindi,संगीत,sangiit,Music
Basic Hindi,राज्य,raajy,State
Basic Hindi,मगर,magar,But
Basic Hindi,रहना,rahanaa,To live
Basic Hindi,लोग,log,People
Basic Hindi,मिलना,milanaa,To meet
Basic Hindi,बहुत,bahut,Very
Basic Hindi,उत्साहित,utsaahit,Excited
Basic Hindi,आपकी,aapakii,Yours
Basic Hindi,अतिथी,atithii,Guest
Basic Hindi,रिश्तेदार,rishtedAra,Relative
Basic Hindi,माँ / माता,mA.N / mAtA,Mother
Basic Hindi,भाभी,bhAbhI,Brother's wife Brother's wife
Basic Hindi,बहन / बहिन,bahana / bahina,Sister
Basic Hindi,बहनोई,bahanoI,Sister’s husband
Basic Hindi,चाची,chAchI,Father’s brother’s wife
Basic Hindi,बुआ,buA,Father’s sister
Basic Hindi,फूफा,phUphA,Father’s sister’s husband
Basic Hindi,मामा,mAmA,Mother’s brother
Basic Hindi,मामी,mAmI,Mother’s brother’s wife
Basic Hindi,मौसी,mausI,Mother’s sister
Basic Hindi,मौसा,mausA,Mother’s sister’s husband
Basic Hindi,चचेरा भाई /चचेरी  बहन,chacherA bhAI /chacherI  bahana,Cousin brother-sister (kids of चाचा-चाची)
Basic Hindi,फूफेरा भाई /फूफेरी  बहन,phUpherA bhAI /phUpherI  bahana,Cousin brother-sister (kids of बुआ-फूफा)
Basic Hindi,ममेरा भाई / ममेरी बहन,mamerA bhAI / mamerI bahana,Cousin brother-sister (kids of मामा-मामी )
Basic Hindi,मौसेरा भाई / मौसेरी बहन,mauserA bhAI / mauserI bahana,Cousin brother-sister (kids of मौसा-मौसी )
Basic Hindi,सौतेला भाई / सौतेली बहन,sautelA bhAI / sautelI bahana,Half brother/sister Half brother/sister
Basic Hindi,पालतू कुत्ता / बिल्ली,pAlatU kuttA / billI,Pet dog / cat
Basic Hindi,पति,pati,Husband
Basic Hindi,पत्नी,patnI,Wife
Basic Hindi,बहू,bahU,Daughter-in-law
Basic Hindi,दामाद,dAmAda,Son-in-law
Basic Hindi,सास,sAsa,Mother-in-law
Basic Hindi,ससुर,sasura,Father-in-law
Basic Hindi,साला,sAlA,Brother-in-law (from the husband’s point of view)
Basic Hindi,साली,sAlI,Sister-in-law (from the husband’s point of view)
Basic Hindi,देवर,devara,Brother-in-law (from the wife’s point of view)
Basic Hindi,देवरानी,devarAnI,Wife of a brother-in-law (from the wife’s point of view)
Basic Hindi,ननद,nanada,Sister-in-law (from the wife’s point of view)
Basic Hindi,ननदोई,nanadoI,Husband of sister-in-law (from the wife’s point of view)
Basic Hindi,मेरा,merA,My
Basic Hindi,हमारा,hamArA,Our
Basic Hindi,तेरा,terA,Your
Basic Hindi,तुम्हारा,tumhArA,Your
Basic Hindi,आपका,ApakA,Your
Basic Hindi,इसका / उसका,isakA / usakA,His / Her
Basic Hindi,इनका / उनका,inakA / unakA,Their
Basic Hindi,किसका,kisakA,Whose (for singular)
Basic Hindi,किनका,kinakA,Whose (for plural)
Basic Hindi,छोटा,ChoTA,Small / Younger
Basic Hindi,बड़ा,barA,Big / Older
Basic Hindi,प्यारा,pyArA,Lovely
Basic Hindi,सुखी,sukhI,Happy
Basic Hindi,दुखी,dukhI,Sad
Basic Hindi,स्वच्छ,svachCha,Clean
Basic Hindi,साफ़,sAf,Clean
Basic Hindi,शुद्ध,shuddha,Pure
Basic Hindi,गन्दा,gandA,Dirty
Basic Hindi,कुशल,kushala,Skilled
Basic Hindi,अकुशल,akushala,Unskilled
Basic Hindi,अभियंता,abhiyaMtA,Engineer
Basic Hindi,सरल,sarala,Simple / Easy
Basic Hindi,मुश्किल,mushkila,Difficult/ Hard
Basic Hindi,महिला,mahilA,Woman
Basic Hindi,पुरुष,puruSha,Man
Basic Hindi,अच्छा,achChA,Good
Basic Hindi,बुरा,burA,Bad
Basic Hindi,ख़राब,khrAba,Bad
Basic Hindi,अध्यापिका,adhyApikA,Female teacher
Basic Hindi,होशियार,hoshiyAra,Intelligent
Basic Hindi,तेज़,teza,Intelligent / Fast/ clever
Basic Hindi,चतुर,chatura,Clever
Basic Hindi,मूर्ख,mUrkha,Foolish
Basic Hindi,सुन्दर,sundara,Beautiful
Basic Hindi,ख़ूबसूरत,khUbasUrata,Beautiful
Basic Hindi,बदसूरत,badasUrata,Ugly
Basic Hindi,कुरूप,kurUpa,Ugly
Basic Hindi,लंबा,laMbA,Tall
Basic Hindi,नाटा,nATA,Short (in height)
Basic Hindi,बूढ़ा /बूढ़ी,bUrhA /bUrhI,Old (For animate nouns)
Basic Hindi,पुराना / पुरानी,purAnA / purAnI,Old (For inanimate nouns)
Basic Hindi,सदस्य,sadasya,Member
Basic Hindi,लोग,loga,People
Basic Hindi,त्योहार,tyohAra,Festival
Basic Hindi,कुछ,kuCha,Some
Basic Hindi,धनी / अमीर,dhanI / amIra,Rich
Basic Hindi,निर्धन /गरीब,nirdhana /garIba,Poor
Basic Hindi,मोटा,moTA,Fat/Big
Basic Hindi,पतला,patalA,Thin
Basic Hindi,ईमानदार,ImAnadAra,Honest
Basic Hindi,बेईमान,beImAna,Dishonest
Basic Hindi,व्यापारी,vyApArI,Business man/woman
Basic Hindi,कुँवारी / कुँवारा,ku.NvArI / ku.NvArA,Unmarried woman/man
Basic Hindi,शादीशुदा,shAdIshudA,Married
Basic Hindi,मेहनती,mehanatI,Hard-working
Basic Hindi,आलसी,AlasI,Lazy
Basic Hindi,सामाजिक,sAmAjika,Social
Basic Hindi,कार्यकर्ता,kAryakartA,Worker
Basic Hindi,प्रसिद्ध,prasiddha,Famous
Basic Hindi,मशहूर,mashahUra,Famous
Basic Hindi,बदनाम,badanAma,Infamous
Basic Hindi,गायिका,gAyikA,Female singer
Basic Hindi,किसान,kisAna,Farmer
Basic Hindi,गृहिणी,gRRihiNI,House wife
Basic Hindi,दरवाज़ा,daravAzA,door बैठक n.f. Living room रसोई n.f. Kitchen
Basic Hindi,गलियारा,galiyArA,Corridor/Hallway पढ़ाई का कमरा n.m. Study room फ़र्श n.m. Floor
Basic Hindi,सीढ़ी,sIrhI,Staircase सोने का कमरा n.m. Bedroom खिड़की n.f. Window
Basic Hindi,छत,Chata,Roof छज्जा n.m. Balcony बगीचा n.m. Garden
Basic Hindi,शौचालय,shauchAlaya,Toilet स्नानघर n.m. Shower/Bathroom भोजन कक्ष (खाने का कमरा) n.m. dinning
Basic Hindi,दरी,darI,Rug बिस्तर n.m. Bed कुर्सी  n.f. Chair
Basic Hindi,मेज़,mez,Table सोफ़ा n.m. Sofa अलमारी n.f. Wardrobe
Basic Hindi,किताब,kitAba,Book पौधा n.m. Plant तस्वीर n.f. Picture
Basic Hindi,परदा,paradA,Curtain बत्ती n.f. Light bulb पंखा n.m. Fan
Basic Hindi,फूलदान/ गुलदस्ता,phUladAna/ guladastA,Flower vase घड़ी n.f. clock/watch आईना n.f. Mirror
Basic Hindi,सड़क,sarka,Road राजमार्ग n.m. Highway बस अड्डा n.m. Bus station
Basic Hindi,रेलवे स्टेशन,relave sTeshana,Railway station हवाईअड्डा n.m. Airport नदी n.f. River
Basic Hindi,तालाब,tAlAba,Pond झील n.f. Lake पहाड़ n.m. Mountain
Basic Hindi,सिनेमा घर,sinemA ghara,Cinema hall बैंक n.m. Bank मैदान n.m. Sports field
Basic Hindi,बाज़ार,bAzAra,Market दुकान n.f. Shop भोजनालय n.m. Restaurant
Basic Hindi,होटल,hoTala,Hotel भवन n.m./इमारत n.f. Building अस्पताल n.m. Hospital
Basic Hindi,कार्यालय,kAryAlaya,Office डाकघर n.m. Post office पुलिस थाना n.m. Police station
Basic Hindi,चिड़ियाघर,chiriyAghara,Zoo पुस्तकालय n.m. Library संग्रहालय n.m. Museum
Basic Hindi,पुल,pula,Bridge मॉल n.m. Shopping mall स्कूल/ विद्यालय n.m. School
Basic Hindi,विश्वविद्यालय,vishvavidyAlaya,University कॉलेज/महाविद्यालय n.m. College पेट्रोल पम्प n.m. Gas station
Basic Hindi,मूली,mUlI,Radish
Basic Hindi,पालक,pAlaka,Spinach
Basic Hindi,करेला,karelA,Bitter gourd
Basic Hindi,मगर,magara,If
Basic Hindi,मौसम,mausama,Weather
Basic Hindi,महँगा,maha.NgA,Expensive
Basic Hindi,बहुत,bahuta,Very
Basic Hindi,दाम,dAma,Cost
Basic Hindi,आयात,AyAta,Import
Basic Hindi,राज्य,rAjya,State
Basic Hindi,बाज़ार,bAzAra,Market
Basic Hindi,आधा,AdhA,Half
Basic Hindi,फल,phala,Fruit
Basic Hindi,दर्जन,darjana,Dozen
Basic Hindi,भोजनालय,bhojanAlaya,Restaurant
Basic Hindi,स्वागत,svAgata,Welcome
Basic Hindi,ख़ाली,khAlI,Available
Basic Hindi,दृश्य,dRRishya,Scene
Basic Hindi,हरी,harI,Green
Basic Hindi,सब्ज़ी,sabzI,Vegetable
Basic Hindi,स्वादिष्ट,svAdiShTa,Delicious
Basic Hindi,सुबह,subaha,Morning सवा adj. 1.15 AM/PM
Basic Hindi,दोपहर,dopahara,Afternoon डेढ़ adj. 1:30 AM/PM
Basic Hindi,शाम,shAma,Evening ढ़ाई adj. 2:30 AM/PM
Basic Hindi,रात,rAta,Night सवा दो phrase 2:15 AM/PM
Basic Hindi,दिन,dina,Day साढ़े तीन phrase 3:00 AM/PM
Basic Hindi,गुरूवार,gurUvAra,Thursday सप्ताहांत n.m. Weekend
Basic Hindi,बजे,baje,O’clock कितने बजे phrase At what time
Basic Hindi,आशा,AshA,Hope तेज़ी से adv. Fast
Basic Hindi,विशेष,visheSha,Special दौड़ना v.i. To run
Basic Hindi,कारण,kAraNa,Reason बचाना v.t. To save
Basic Hindi,वापस,vApasa,Return उठाना v.t. To lift
Basic Hindi,बाहर,bAhara,Out पैर n.m. Leg
Basic Hindi,पिछ्ला,piChlA,Last गिरना v.i. To fall
Basic Hindi,चचेरी बहन,chacherI bahana,Paternal uncle’s daughter पड़ना v.i. To lie down
Basic Hindi,शादी,shAdI,Marriage सुरक्षित adj. Safe
Basic Hindi,ख़ुश,khusha,Happy दर्द n.m. Pain
Basic Hindi,तैयारी,taiyArI,Preparation महशूस करना v.t. To feel
Basic Hindi,धूम-धाम,dhUma-dhAma,Grandeur अस्पताल n.m. Hospital
Basic Hindi,गोलगप्पा,golagappA,An Indian snacks हड्डी n.f. Bone
Basic Hindi,छोटा,ChoTA,Small इलाज़ करना v.t. To treatment
Basic Hindi,बच्चा,bachchA,Child आराम n.m. Rest
Basic Hindi,सड़क,sarka,Road हिदायत देना v.t. To instruct
Basic Hindi,स्वतंत्रता दिवस,svataMtratA divasa,Independence day क्योंकि conj. Because
Basic Hindi,हार्दिक,hArdika,Hearty राष्ट्रीय adj. National
Basic Hindi,शुभकामनाएँ,shubhakAmanAe.N,Congratulations त्योहार n.m. Festival
Basic Hindi,ऐतिहासिक,aitihAsika,Historical नि:शुल्क adj. Free
Basic Hindi,स्थान,sthAna,Place क्षेत्रीय adj. Regional
Basic Hindi,शायद,shAyada,Perhaps गणतंत्रता दिवस n.m. Republic day
Basic Hindi,कोई,koI,Someone ख़ुशी adj. Happiness
Basic Hindi,योजना,yojanA,Plan जन्मदिन n.m. Birthday
Basic Hindi,आदरणीय,AdaraNIya,Respected भाग्यशाली adj. Fortunate आकर्षित करना v.t. To attract
Basic Hindi,आशा,AshA,Hope रहना v.i. To stay अलग adj. Different/
Basic Hindi,कुशलता,kushalatA,"Well, efficient अवसर मिलना v.i. To get an"
Basic Hindi,आगे,Age,Ahead मदद करना v.t. To help मानना v.t. To suppose/To
Basic Hindi,पत्र,patra,Letter छोड़ना v.t. To leave देश n.m. Country
Basic Hindi,विशेष,visheSha,Special थोड़ा adj. A little आम तौर से/पर adv. Generally
Basic Hindi,कारण,kAraNa,Reason मुश्किल adj. Difficult बहुभाषी adj. Multilingual
Basic Hindi,पढ़ाई,parhAI,Study लगना v.i. To feel/appear मिठाई n.f. Sweets
Basic Hindi,वापस,vApasa,Return हृदय n.m. Heart कपड़ा n.m. Cloth
Basic Hindi,पहली बार,pahalI bAra,First time ऐतिहासिक adj. Historical शीघ्र adv. Soon
Basic Hindi,भाषा,bhAShA,Language धार्मिक adj. Religious अवश्य adv. Certainly
Basic Hindi,संस्कृति,saMskRRiti,Culture पर्यटन n.m. Tourism बताना v.t. To tell
Basic Hindi,जानकारी,jAnakArI,Information यात्रा n.f. Travel प्यार n.m. Love
Basic Hindi,बहुत,bahuta,Much/Very विविधता n.f. Diversity बेटी n.f. Daughter
Daily Conversation - Greetings,विद्या: नमस्ते,Vidya: namaste,Vidya: Hello
Daily Conversation - Greetings,शिल्पा: नमस्ते,Shilpa: namaste,Shilpa: Hello
Daily Conversation - Greetings,विद्या: आपका नाम क्या है,Vidya: aapkaa naam kyaa hai,Vidya: What is your name
Daily Conversation - Greetings,शिल्पा: मेरा नाम शिल्पा है| और आपका?    | My,Shilpa: meraa naam shilpaa hai. aur aapkaa? name is Shilpa,Shilpa: And yours
Daily Conversation - Greetings,विद्या: मेरा नाम विद्या है,Vidya: meraa naam Vidya hai,Vidya: My name is Vidya
Daily Conversation - Greetings,शिल्पा: आप कहाँ से हैं,Shilpa: aap kahaan se hain,Shilpa: Where are you from
Daily Conversation - Greetings,विद्या: मैं मिशिगन से हूँ | आप कहाँ से हैं ?     | se I are,Vidya: main Michigan se hoon. aap kahaan hain? am from Michigan,Vidya: Where you from
Daily Conversation - Greetings,शिल्पा: मैं शिकागो से हूँ,Shilpa: main Chicago se hoon,Shilpa: I am from Chicago
Daily Conversation - Greetings,विद्या: आप कितने साल की हैं,Vidya: aap kitane saal kii hain,Vidya: How old are you
Daily Conversation - Greetings,शिल्पा: मैं बीस साल की हूँ| आपकी उम्र कितनी है?     | kitanii,Shilpa: main biis saal kii hoon. aapkii umr hai? I am 20,Shilpa: What is your age
Daily Conversation - Greetings,विद्या: मैं इक्कीस (साल) की हूँ |   ( )   | main ikkiis (saal,Vidya: maiM ikkIsa (sAla) kI hU.N |   ( )   | main ikkiis (saal,Vidya: kii hoon. I am 21
Daily Conversation - Greetings,शिल्पा: आपका मेजर क्या है,Shilpa: aapkaa major kyaa hai,Shilpa: What is your major
Daily Conversation - Greetings,विद्या: मेरा मेजर अंग्रेज़ी है| और आपका ?    | My,Vidya: meraa major angrezii hai. aur aapakaa? major is English,Vidya: And yours
Daily Conversation - Greetings,शिल्पा: मेरा मेजर राजनीति शास्त्र है,Shilpa: meraa major raajaniiti shaastra hai,Shilpa: My major is Political science
Daily Conversation - Greetings,विद्या: यह लड़का कौन है,Vidya: ye laRakaa kaun hai,Vidya: Who is this boy
Daily Conversation - Greetings,शिल्पा: यह पीटर है,Shilpa: ye Peter hai,Shilpa: He is Peter
Daily Conversation - Greetings,विद्या: नमस्ते पीटर,Vidya: namaste Peter,Vidya: Hello Peter
Daily Conversation - Greetings,पीटर: नमस्ते ! आपका नाम क्या है,Peter: namaste! aapkaa naam kyaa hai,Peter: Hello! What is your name
Daily Conversation - Greetings,विद्या: मैं विद्या हूँ| आप कैसे हैं,Vidya: main vidyaa hoon. aap kaise hain,Vidya: I am Vidya. How are you
Daily Conversation - Greetings,पीटर: मैं अच्छा हूँ| और आप,Peter: main achchhaa hoon. aur aap,Peter: I am well. and you
Daily Conversation - Greetings,"विद्या: मैं भी अच्छी हूँ, धन्यवाद ! आपकी उम्र कितनी है? aapkii I is","Vidya: ,  !    ? main bhii achchhii hoon,",Vidya: Thanks! umr kitanii hai. am well too. Thanks! What your age
Daily Conversation - Greetings,पीटर: मैं उन्नीस साल का हूँ| आपका मेजर क्या है ?     | major I your,Peter: main unniis saal kaa hoon. aapakaa kyaa hai? am 19 years old,Peter: What is major
Daily Conversation - Greetings,"विद्या: मेरा मेजर अंग्रेज़ी है, और आपका? My","Vidya: ,  ? meraa major angrezii hai, aur aapakaa? major is English",Vidya: And yours
Daily Conversation - Greetings,पीटर: मेरा भी,Peter: meraa bhii,Peter: Mine too
Daily Conversation - Greetings,विद्या: आप से मिलकर ख़ुशी हुई,Vidya: aap se milakar khushii huii,Vidya: Nice to meet you
Daily Conversation - Greetings,"पीटर: मुझे भी, नमस्ते","Peter: ,  ! mujhe bhii, namaste","Peter: Me too, Bye"
Daily Conversation - Greetings,विद्या: नमस्ते Please BBASIC,Vidya: namaste Please BBASIC,Vidya: namaste! Bye! watch the following video and listen to th e above conversation and check your reading and pronunciation. HINDIASIC HINDI      4949
Daily Conversation - Friends Meet,ऋतिक: नमस्ते,Hritik: namaste,Hritik: Hello
Daily Conversation - Friends Meet,विद्या: नमस्ते,Vidya: namaste,Vidya: Hello
Daily Conversation - Friends Meet,ऋतिक: क्या हाल है,Hritik: kyaa haal hai,Hritik: How are you
Daily Conversation - Friends Meet,विद्या: सब ठीक है | और तुम,Vidya: sab Thiik hai. aur tum,Vidya: All is well. and you
Daily Conversation - Friends Meet,ऋतिक: मैं भी ठीक हूँ,Hritik: main bhii Thiik hoon,Hritik: I am well too
Daily Conversation - Friends Meet,विद्या: क्लास चलें,Vidya: class chalen,Vidya: Should we go to class
Daily Conversation - Friends Meet,ऋतिक: चलो |  | क्लास के बाद      “After the class.” “After the class.”,Hritik: chalo,Hritik: Let’s go
Daily Conversation - Friends Meet,"विद्या: फिर मिलेंगे, नमस्ते","Vidya: ,  ! phir milenge, namaste","Vidya: See you again, Bye"
Daily Conversation - Friends Meet,"ऋतिक: ठीक है, नमस्ते Listening: reading Instructor Video: Instructor Video: BBASIC","Hritik: ThIka hai, namaste Listening: reading Instructor Video: Instructor Video: BBASIC","Hritik: ,  ! Thiik hai, namaste! Okay, Bye! Please watch the following video and listen to the above conversation and check your and pronunciation. Informal Conversation Informal Conversation HINDIASIC HINDI      5151 51"
Daily Conversation - Contact Info,शिल्पा: हेलो पीटर! क्या चल रहा है,Shilpa: Hello Peter! kyaa chal rahaa hai,Shilpa: Hello Peter! What is going on
Daily Conversation - Contact Info,"पीटर: नमस्ते शिल्पा, सब ठीक है| क्या हाल है?  ,   |   ? namaste Shilpaa, sab Thiik hai| Hellp How",Peter: kyaa haal hai,"Peter: Shilpa, All is well. are  you"
Daily Conversation - Contact Info,"शिल्पा: सब ठीक है| अच्छा, आपका ई.मेल एड्रेस क्या   | है? sab Thiik hai| address All your","Shilpa: ,  . ? achchhaa, aapkaa e.mail kyaa hai? is well","Shilpa: Okay, what is e.mail address"
Daily Conversation - Contact Info,पीटर: मेरा ई.मेल एड्रेस .   peter@gmail.com है| और | आपका? hai. My peter@gmail.com,Peter: merA I.mela eDresa .   peter@gmail.com hai| aura | ApakA? hai. My peter@gmail.com,Peter: meraa e.mail address peter@gmail.com aur aapkaa? e.mail address is And yours
Daily Conversation - Contact Info,शिल्पा: मेरा ई.मेल एड्रेस .   shilpaa@gmail.com है| | meraa e.mail address shilpaa@gmail.com My,Shilpa: merA I.mela eDresa .   shilpaa@gmail.com hai| | meraa e.mail address shilpaa@gmail.com My,Shilpa: hai. e.mail address is shilpaa@gmail.com
Daily Conversation - Contact Info,पीटर: आपका फ़ोन नंबर क्या है,Peter: aapkaa phone number kyaa hai,Peter: What is your phone number
Daily Conversation - Contact Info,शिल्पा: मेरा फ़ोन नंबर   555-xxx-xxxx है| और आपका? | aur My 555-xxx-xxx,Shilpa: merA fona naMbara   555-xxx-xxxx hai| aura ApakA? | aur My 555-xxx-xxx,Shilpa: meraa phone number 555-xxx-xxxx hai. aapkaa? phone number is And yours
Daily Conversation - Contact Info,पीटर: मेरा फ़ोन नंबर   555-xxx-xxxx है,Peter: merA fona naMbara   555-xxx-xxxx hai,Peter: meraa phone number 555-xxx-xxx hai. My phone number is 555-xxx-xxx
Daily Conversation - Contact Info,"शिल्पा: धन्यवाद ! फिर मिलेंगे, नमस्ते |  !  ,","Shilpa: dhanyawaad! phir milenge, namaste","Shilpa: Thanks! See you again, Bye"
Daily Conversation - Contact Info,"पीटर: अच्छा, बाय! Listening: reading Instructor Video: Instructor Video: Test ACTIVITIES In your classroom and/or outside the classroom, identify 2-3 Hindi learners/speakers. yourself, and ask questions in Hindi such as name, major, age, where is s/he and on BBASIC","Peter: achChA, bAya! Listening: reading Instructor Video: Instructor Video: Test ACTIVITIES In your classroom and/or outside the classroom, identify 2-3 Hindi learners/speakers. yourself, and ask questions in Hindi such as name, major, age, where is s/he and on BBASIC","Peter: , ! achchhaa, bye! Okay, Bye! Please watch the following video and listen to th e above conversation and check your and pronunciation. Asking for contact information Asking for contact information Yourself Test Yourself An interactive H5P element has been excluded from this version of the text. You can view it online here: https://openbooks.lib.msu.edu/basichindi/?p=759#h5p-14 ACTIVITIES Introduce from, phone number, e.mail address. In addition to these 6 questions, please try to create 2-4 more questions based your own creativity. HINDIASIC HINDI      5353"
Daily Conversation - With Teacher,"विद्या: नमस्ते, अध्यापक जी,","Vidya: namaste, adhyApaka jI,","Vidya: namaste, adhyaapak ji Hello Sir"
Daily Conversation - With Teacher,"अक्षय: नमस्ते, विद्या जी| आप कैसी हैं ? ,","Akshay: namaste, vidyA jI| Apa kaisI haiM ? ,","Akshay: namaste, Vidya ji. aap kaisii hain? Hello Vidya ji. How are you"
Daily Conversation - With Teacher,विद्या: मैं अच्छी हूँ| धन्यवाद | आप कैसे हैं?   |  | kaise I are,Vidya: maiM achChI hU.N| dhanyavAda | Apa kaise haiM?   |  | kaise I are,Vidya: main achchhii hoon. Dhanyawaad. aap hain? am good. Thank you. How you
Daily Conversation - With Teacher,"अक्षय: मैं भी ठीक हूँ | फिर मिलेंगे, नमस्ते |     |  ,  | I again,","Akshay: maiM bhI ThIka hU.N | phira mileMge, namaste |     |  ,  | I again,","Akshay: main bhii Thiik hoon. phir milenge, namaste. am good too. See you bye"
Daily Conversation - With Teacher,"विद्या: फिर मिलेंगे, नमस्ते |  ,  | Video 3. Listening: Formal Conversation with a Hindi Teacher Video 3. Listening: Listening: reading Instructor Video: Instructor Video: Test BBASIC","Vidya: phira mileMge, namaste |  ,  | Video 3. Listening: Formal Conversation with a Hindi Teacher Video 3. Listening: Listening: reading Instructor Video: Instructor Video: Test BBASIC","Vidya: phir milenge, namaste. See you again, bye. Formal Conversation with a Hindi Teacher Please watch the following video and listen to th e above conversation and check your and pronunciation. Conversation with a Hindi teacher Conversation with a Hindi teacher Yourself Test Yourself An interactive H5P element has been excluded from this version of the text. You can view it online here: https://openbooks.lib.msu.edu/basichindi/?p=761#h5p-7 HINDIASIC HINDI      5555 55"
Daily Conversation - Family,शिल्पा: नमस्ते पीटर ! आप कैसे हैं ? Shilpa,Shilpa: namaste pITara ! Apa kaise haiM ? Shilpa,Shilpa: Hello Peter! How are you
Daily Conversation - Family,"पीटर: नमस्ते शिल्पा, मैं अच्छा हूँ, धन्यवाद | और आप ? Peter","Peter: namaste shilpA, maiM achChA hU.N, dhanyavAda | aura Apa ? Peter","Peter: Hello Shilpa, I am well, thanks. And you"
Daily Conversation - Family,"शिल्पा: मैं भी ठीक हूँ | धन्यवाद | चलिये, काम शुरू करते  हैं | Shilpa","Shilpa: maiM bhI ThIka hU.N | dhanyavAda | chaliye, kAma shurU karate  haiM | Shilpa",Shilpa: I am okay too. Thanks. Let’s start the work
Daily Conversation - Family,"पीटर: ठीक है| बताइये, आपका परिवार कहाँ रहता है ? Peter","Peter: ThIka hai| batAiye, ApakA parivAra kahA.N rahatA hai ? Peter","Peter: Okay. Please tell, where does your family live"
Daily Conversation - Family,शिल्पा: मेरा परिवार शिकागो में रहता है | और आपका ? Shilpa,Shilpa: merA parivAra shikAgo meM rahatA hai | aura ApakA ? Shilpa,Shilpa: My family lives in Chicago. And yours
Daily Conversation - Family,पीटर: मेरा परिवार डेट्रॉइट में है | Peter,Peter: merA parivAra DeTraॉiTa meM hai | Peter,Peter: My family lives in Detroit
Daily Conversation - Family,शिल्पा: आपकी माता जी का नाम क्या है ? Shilpa,Shilpa: ApakI mAtA jI kA nAma kyA hai ? Shilpa,Shilpa: What is your mother’s name
Daily Conversation - Family,पीटर: मेरी माँ का नाम लिज़ है | आपकी माँ का नाम क्या है? Peter:My mother’s,Peter: merI mA.N kA nAma liz hai | ApakI mA.N kA nAma kyA hai? Peter:My mother’s,Peter: mother’s name is Liz. What is your name
Daily Conversation - Family,शिल्पा: मेरी माँ का नाम देवकी पटेल है | आपकी माँ क्या करती हैं ? Shilpa: does,Shilpa: merI mA.N kA nAma devakI paTela hai | ApakI mA.N kyA karatI haiM ? Shilpa: does,Shilpa: My mother’s name is Devaki Patel. What your mother do
Daily Conversation - Family,पीटर: मेरी माँ एक विद्यालय में अध्यापिका हैं | और आपकी माँ ? Peter,Peter: merI mA.N eka vidyAlaya meM adhyApikA haiM | aura ApakI mA.N ? Peter,Peter: My mother is a school teacher. and your mother
Daily Conversation - Family,शिल्पा: मेरी माँ एक गृहिणी हैं | आपके पिता जी का नाम क्या है ? Shilpa: father’s,Shilpa: merI mA.N eka gRRihiNI haiM | Apake pitA jI kA nAma kyA hai ? Shilpa: father’s,Shilpa: My mother is a house-wife. What is your name
Daily Conversation - Family,"पीटर: मेरे पिता जी का नाम एडम है, और 1वह/वे [In also find use of वे case, वह and वे both are pronounced वो] एक डॉक्टर हैं | और आपके पिता जी का नाम क्या है और वह/वे क्या करते हैं Peter:My is","Peter: mere pitA jI kA nAma eDama hai, aura 1vaha/ve [In also find use of ve case, vaha and ve both are pronounced vo] eka DaॉkTara haiM | aura Apake pitA jI kA nAma kyA hai aura vaha/ve kyA karate haiM Peter:My is","Peter: some books, one can for 3rd person singular honorific subject. In any ? father's name is Adam, he is a doctor. What your father's name and what does he do"
Daily Conversation - Family,"शिल्पा: मेरे पिता जी का नाम कृष्णचंद पटेल है, और वह/वे एक वैज्ञानिक हैं | Shilpa: he","Shilpa: mere pitA jI kA nAma kRRiShNachaMda paTela hai, aura vaha/ve eka vaij~nAnika haiM | Shilpa: he","Shilpa: My father's name is Krishnachand Patel, and is a scientist"
Daily Conversation - Family,पीटर: आपके कितने  भाई बहन हैं ? Peter,Peter: Apake kitane  bhAI bahana haiM ? Peter,Peter: How many brothers and sisters do you have
Daily Conversation - Family,"शिल्पा: मेरा एक भाई है, उसका नाम साहिल है| मेरी कोई बहन नहीं है| और आपके कितने भाई बहन हैं Shilpa: sisters","Shilpa: merA eka bhAI hai, usakA nAma sAhila hai| merI koI bahana nahIM hai| aura Apake kitane bhAI bahana haiM Shilpa: sisters","Shilpa: I have a brother, his name is Sahil. I have no And how many brothers and sisters do you have"
Daily Conversation - Family,पीटर: मैं इकलौता हूँ | मेरे कोई भाई बहन नहीं हैं | Peter,Peter: maiM ikalautA hU.N | mere koI bhAI bahana nahIM haiM | Peter,Peter: I am only one. I have no brothers and sisters
Daily Conversation - Family,शिल्पा: क्या आपके दादा-दादी भी आपके साथ डेट्रॉइट में रहते हैं ? Shilpa,Shilpa: kyA Apake dAdA-dAdI bhI Apake sAtha DeTraॉiTa meM rahate haiM ? Shilpa,Shilpa: Do your grand-parents live with you in Detroit
Daily Conversation - Family,पीटर: नहीं मेरे दादा-दादी हमारे साथ नहीं रहते | उनका अपना अलग घर है| क्या आपके दादा-दादी आपके साथ रहते हैं? Peter: They grand-parents,Peter: nahIM mere dAdA-dAdI hamAre sAtha nahIM rahate | unakA apanA alaga ghara hai| kyA Apake dAdA-dAdI Apake sAtha rahate haiM? Peter: They grand-parents,"Peter: No, my grand-parents do not live with us. have their own separate house. Do your live with you"
Daily Conversation - Family,"शिल्पा: जी हाँ | हिन्दुस्तानी परिवार में, माता-पिता, भाई-बहन, दादा-दादी, चाचा-चाची, सब एक साथ एक घर में रहते हैं | Shilpa: brother-sister, together","Shilpa: jI hA.N | hindustAnI parivAra meM, mAtA-pitA, bhAI-bahana, dAdA-dAdI, chAchA-chAchI, saba eka sAtha eka ghara meM rahate haiM | Shilpa: brother-sister, together","Shilpa: Yes, In an Indian family, mother-father, grand-parents, uncle-aunt, all live in the same house"
Daily Conversation - Family,"पीटर: अरे वाह ! यह तो बहुत अच्छी बात है | अच्छा, फिर मिलेंगे, नमस्ते | Peter: you","Peter: are vAha ! yaha to bahuta achChI bAta hai | achChA, phira mileMge, namaste | Peter: you","Peter: Oh Wao! This is a very good thing. Okay, see again, Namaste"
Daily Conversation - Family,"शिल्पा: ठीक है, बाय Shilpa: BBASIC","Shilpa: ThIka hai, bAya Shilpa: BBASIC","Shilpa: Okay, Bye 1. HINDIASIC HINDI      8787"
Daily Conversation - House Tour,"ऋतिक: ओ हो ! विद्या है | नमस्ते, क्या हाल है","Hritik: o ho ! vidyA hai | namaste, kyA hAla hai","Hritik: Oho! It is Vidya. Hello, how are you"
Daily Conversation - House Tour,"विद्या: नमस्ते, सब ठीक है| तुम कैसे हो","Vidya: namaste, saba ThIka hai| tuma kaise ho","Vidya: Hello, All is well. How are you"
Daily Conversation - House Tour,"ऋतिक: मैं भी ठीक हूँ | आओ, अन्दर आओ | विद्या धन्यवाद, तुम्हारा घर बहुत सुन्दर है","Hritik: maiM bhI ThIka hU.N | Ao, andara Ao | vidyA dhanyavAda, tumhArA ghara bahuta sundara hai","Hritik: I am okay too. come, come inside. Thanks, your home is very beautiful"
Daily Conversation - House Tour,"ऋतिक: शुक्रिया, चलो, मैं तुम्हें पूरा घर दिखाता हूँ","Hritik: shukriyA, chalo, maiM tumheM pUrA ghara dikhAtA hU.N","Hritik: Thanks, Let’s go, I will show you my whole house"
Daily Conversation - House Tour,"विद्या: ठीक है, चलो","Vidya: ThIka hai, chalo","Vidya: Okay, Let’s go"
Daily Conversation - House Tour,"ऋतिक: यह हमारे घर का दरवाज़ा है | उसके बाद एक गलियारा है | गलियारे के बाद एक और दरवाज़ा है | उस दरवाज़े के बाद, हमारी बैठक है | बैठक के बायीं तरफ़ हमारी रसोई, और खाने का कमरा है | बैठक के दायीं तरफ़, पढ़ने का कमरा, पूजा घर, और अतिथी का कमरा भी है| बैठक में ही, एक सीढ़ी है | This corridor. After left dinning there room","Hritik: yaha hamAre ghara kA daravAzA hai | usake bAda eka galiyArA hai | galiyAre ke bAda eka aura daravAzA hai | usa daravAze ke bAda, hamArI baiThaka hai | baiThaka ke bAyIM tarafa hamArI rasoI, aura khAne kA kamarA hai | baiThaka ke dAyIM tarafa, parhne kA kamarA, pUjA ghara, aura atithI kA kamarA bhI hai| baiThaka meM hI, eka sIrhI hai | This corridor. After left dinning there room","Hritik: is the door of our house. After that there is a After the corridor, there is another door. that door, there is our living room. On the side of the living room, there is our kitchen and room. On the right side of the living room, is a study room, worship room, and a guest too. In the living room itself, there is a staircase"
Daily Conversation - House Tour,विद्या: और ऊपर की मंज़िल पर क्या-क्या है,Vidya: aura Upara kI maMzila para kyA-kyA hai,Vidya: And what are there on the top floor
Daily Conversation - House Tour,"ऋतिक: ऊपर की मंज़िल पर, तीन सोने के कमरे हैं | हर कमरे में, एक-एक शौचालय और स्नानघर है | ऊपर की मंज़िल पर, एक छज्जा भी है| On room, balcony","Hritik: Upara kI maMzila para, tIna sone ke kamare haiM | hara kamare meM, eka-eka shauchAlaya aura snAnaghara hai | Upara kI maMzila para, eka ChajjA bhI hai| On room, balcony","Hritik: the top floor, there are three bedrooms. In each there is a toilet and shower. There is a too on the top floor"
Daily Conversation - House Tour,विद्या: क्या नीचे की मंज़िल पर कोई शौचालय नहीं है,Vidya: kyA nIche kI maMzila para koI shauchAlaya nahIM hai,Vidya: Is there no toilet on the bottom floor
Daily Conversation - House Tour,"ऋतिक: हाँ, एक शौचालय और स्नानघर नीचे की मंज़िल पर भी है | floor","Hritik: hA.N, eka shauchAlaya aura snAnaghara nIche kI maMzila para bhI hai | floor","Hritik: Yes, There is one toilet and shower at the bottom too"
Daily Conversation - House Tour,"विद्या: ऋतिक, तुम्हारा घर बहुत अच्छा, साफ़ और हवादार भी है | क्या तुम्हारे घर में कोई बगीचा है Hritik, Is ऋतिक घर के पीछे, एक छोटा सा बगीचा भी है | वह मेरी माँ की सबसे पसंदीदा जगह है | Behind my","Vidya: RRitika, tumhArA ghara bahuta achChA, sAf aura havAdAra bhI hai | kyA tumhAre ghara meM koI bagIchA hai Hritik, Is RRitika ghara ke pIChe, eka ChoTA sA bagIchA bhI hai | vaha merI mA.N kI sabase pasaMdIdA jagaha hai | Behind my","Vidya: your house is very good, clean and airy too. there any garden in your house? the house, there is a small gardem. This is mother’s favorite place"
Daily Conversation - House Tour,विद्या: अरे वाह ! मुझे भी बगीचा बहुत पसंद है | और तुम्हारा कमरा कहाँ है,Vidya: are vAha ! mujhe bhI bagIchA bahuta pasaMda hai | aura tumhArA kamarA kahA.N hai,"Vidya: O wao! I, too, like garden a lot. And where is your room"
Daily Conversation - House Tour,ऋतिक: मेरा कमरा ऊपर की मंज़िल पर है | मेरा कमरा अभी गंदा है | मैं तुम्हें अपना कमरा बाद में दिखाऊंगा | My dirty,Hritik: merA kamarA Upara kI maMzila para hai | merA kamarA abhI gaMdA hai | maiM tumheM apanA kamarA bAda meM dikhAUMgA | My dirty,"Hritik: room is on the top floor. Right now, my room is I will show you my room later"
Daily Conversation - House Tour,विद्या: ठीक है | BBASIC,Vidya: ThIka hai | BBASIC,Vidya: Okay. HINDIASIC HINDI      123123
Daily Conversation - Room Tour,"ऋतिक: आओ विद्या, आज, मैं तुम्हें अपना कमरा दिखाता हूँ","Hritik: Ao vidyA, Aja, maiM tumheM apanA kamarA dikhAtA hU.N","Hritik: Come Vidya, today, I show you my room"
Daily Conversation - Room Tour,विद्या: चलो,Vidya: chalo,Vidya: Let’s go
Daily Conversation - Room Tour,"ऋतिक: यह मेरा कमरा है | मेरे कमरे में, एक बिस्तर है, एक मेज़, एक कुर्सी और एक छोटा सोफ़ा भी है| बिस्तर के बगल में एक छोटी मेज़ है | उस मेज़ पर, एक बिजली की बत्ती, एक फूलदान और एक घड़ी भी है | This table, table, one","Hritik: yaha merA kamarA hai | mere kamare meM, eka bistara hai, eka mez, eka kursI aura eka ChoTA sofA bhI hai| bistara ke bagala meM eka ChoTI mez hai | usa mez para, eka bijalI kI battI, eka phUladAna aura eka gharI bhI hai | This table, table, one","Hritik: is my room. In my room, there is one bed, one one chair, and one small sofa too. On that there is an electric bulb, a flower vase, and clock too"
Daily Conversation - Room Tour,"विद्या: पढ़ाई की मेज़ पर, क्या है","Vidya: parhAI kI mez para, kyA hai",Vidya: What are on the study table
Daily Conversation - Room Tour,"ऋतिक: पढ़ाई की मेज़ पर, एक कंप्यूटर, कुछ किताबें और एक कॉफ़ी कप है | books,","Hritik: parhAI kI mez para, eka kaMpyUTara, kuCha kitAbeM aura eka kaॉfI kapa hai | books,","Hritik: On the study table, there is a computer, a few and a coffee cup"
Daily Conversation - Room Tour,"विद्या: इस अलमारी में क्या है ऋतिक इस अलमारी में, मेरे कपड़े और जूतें हैं | देखो, उस दीवार पर सुन्दर तस्वीरें हैं | दरवाज़े के पीछे एक आईना भी है | In Look, There","Vidya: isa alamArI meM kyA hai RRitika isa alamArI meM, mere kapare aura jUteM haiM | dekho, usa dIvAra para sundara tasvIreM haiM | daravAze ke pIChe eka AInA bhI hai | In Look, There","Vidya: What is in this almirah? this almirah, there are my clothes and shoes. there are beautiful pictures on that wall. is a mirror behind the door too"
Daily Conversation - Room Tour,विद्या: तुम्हारे कमरे का परदा बहुत सुन्दर है | और लगता है कि पंखा नया है | The that,Vidya: tumhAre kamare kA paradA bahuta sundara hai | aura lagatA hai ki paMkhA nayA hai | The that,Vidya: curtain of your room is very beautiful. It seems fan is new
Daily Conversation - Room Tour,"ऋतिक: जी हाँ, नया पंखा और नयी दरी भी","Hritik: jI hA.N, nayA paMkhA aura nayI darI bhI","Hritik: Yes, New fan and new rug too"
Daily Conversation - Room Tour,विद्या: तुम्हारा कमरा बहुत बड़ा और हवादार भी है,Vidya: tumhArA kamarA bahuta barA aura havAdAra bhI hai,Vidya: Your room is very bog and airy too
Daily Conversation - Room Tour,"ऋतिक: धन्यवाद ! क्या तुम भी मुझे अपना कमरा और घर दिखाओगी? विद्या हाँ, ज़रूर, क्यों नहीं Listening ऋतिक का कमरा Activity Please 130130","Hritik: dhanyavAda ! kyA tuma bhI mujhe apanA kamarA aura ghara dikhAogI? vidyA hA.N, zrUra, kyoM nahIM Listening RRitika kA kamarA Activity Please 130130","Hritik: Thanks ! Will you also show me your room and house? ? Yes, indeed, why not? Listening Activity make a list of at least 10 things of Hritik’s room and then of your room. Rajiv RanjanRajiv Ranjan"
Daily Conversation - Hometown,"पीटर: ऋतिक भाई, आप कहाँ से हैं","Peter: RRitika bhAI, Apa kahA.N se haiM","Peter: Brother Hritik, where are you from"
Daily Conversation - Hometown,"ऋतिक: मैं पटना, हिन्दुस्तान से हूँ | आप कहाँ से हैं","Hritik: maiM paTanA, hindustAna se hU.N | Apa kahA.N se haiM","Hritik: I am from Patna, India. Where are you from"
Daily Conversation - Hometown,"पीटर: मैं आयोवा के एक छोटे शहर आयोवा सिटी से हूँ | पटना, बिहार की राजधानी है, न I capital","Peter: maiM AyovA ke eka ChoTe shahara AyovA siTI se hU.N | paTanA, bihAra kI rAjadhAnI hai, na I capital","Peter: am from a small town Iowa City, Iowa. Patna is the of Bihar, isn’t it"
Daily Conversation - Hometown,"ऋतिक: जी हाँ, मैं बिहारी हूँ | आयोवा सिटी की जनसंख्या कितनी है","Hritik: jI hA.N, maiM bihArI hU.N | AyovA siTI kI janasaMkhyA kitanI hai","Hritik: Yes, I am a Bihari. What is the population of Iowa City"
Daily Conversation - Hometown,"पीटर: आयोवा सिटी में लगभग पचहतर हज़ार लोग रहते हैं | और पटना में in ऋतिक  पटना में लगभग, पच्चीस लाख लोग रहते हैं | शायद, आयोवा सिटी बहुत छोटा शहर है | Approx, Iowa","Peter: AyovA siTI meM lagabhaga pachahatara hazAra loga rahate haiM | aura paTanA meM in RRitika  paTanA meM lagabhaga, pachchIsa lAkha loga rahate haiM | shAyada, AyovA siTI bahuta ChoTA shahara hai | Approx, Iowa","Peter: Approx 75 thousand people live in Iowa City. And Patna? 2.5 million people live in Patna. Perhaps, City is a very small town"
Daily Conversation - Hometown,"पीटर: हाँ, आयोवा सिटी बहुत छोटा, मगर बहुत प्यारा शहर है","Peter: hA.N, AyovA siTI bahuta ChoTA, magara bahuta pyArA shahara hai","Peter: Yes, Iowa City is very small, but very lovely town"
Daily Conversation - Hometown,ऋतिक: क्या वहाँ कोई हवाई अड्डा है,Hritik: kyA vahA.N koI havAI aDDA hai,Hritik: Is there any airport there
Daily Conversation - Hometown,"पीटर: नहीं, मगर पास के शहर सीडर रैपिड्स में एक हवाई अड्डा है | आयोवा सिटी में रेलवे स्टेशन भी नहीं है | हाँ, एक बस स्टेशन है | No, railway just","Peter: nahIM, magara pAsa ke shahara sIDara raipiDsa meM eka havAI aDDA hai | AyovA siTI meM relave sTeshana bhI nahIM hai | hA.N, eka basa sTeshana hai | No, railway just",Peter: but there is an airport in near by town. Even station is not there in Iowa City. There is one bus station
Daily Conversation - Hometown,"ऋतिक: आयोवा सिटी में, कितने विद्यालय, महाविद्यालय, और विश्वविद्यालय हैं| How there","Hritik: AyovA siTI meM, kitane vidyAlaya, mahAvidyAlaya, aura vishvavidyAlaya haiM| How there","Hritik: many schools, colleges, and universities are in Iowa CIty"
Daily Conversation - Hometown,"पीटर: मेरे शहर में, दो विद्यालय, एक महाविद्यालय, और एक विश्वविद्यालय है | In one","Peter: mere shahara meM, do vidyAlaya, eka mahAvidyAlaya, aura eka vishvavidyAlaya hai | In one","Peter: my town, there are two schools, one college, and university"
Daily Conversation - Hometown,"ऋतिक: क्या आपके शहर में पुस्तकालय, संग्रहालय, सिनेमा घर, और चिड़ियाघर है Is your","Hritik: kyA Apake shahara meM pustakAlaya, saMgrahAlaya, sinemA ghara, aura chiriyAghara hai Is your","Hritik: there any library, museum, cinema hall and zoo in town"
Daily Conversation - Hometown,"पीटर: जी हाँ, मेरे शहर में, दो पुस्तकालय, एक संग्रहालय, एक सिनेमाघर भी है | मगर चिड़ियाघर नहीं है | Yes, museum,","Peter: jI hA.N, mere shahara meM, do pustakAlaya, eka saMgrahAlaya, eka sinemAghara bhI hai | magara chiriyAghara nahIM hai | Yes, museum,","Peter: in my town, there are two libraries, one one cinema hall. But, there is no zoo"
Daily Conversation - Hometown,"ऋतिक: अच्छा, क्या आयोवा सिटी में, कोई नदी, झील, तालाब और पहाड़ हैं | in","Hritik: achChA, kyA AyovA siTI meM, koI nadI, jhIla, tAlAba aura pahAr haiM | in","Hritik: Okay, Is there any river, lake, pond and mountain Iowa City"
Daily Conversation - Hometown,"पीटर: मेरे शहर में, एक नदी, और कुछ तालाब हैं| वहाँ पहाड़ नहीं है | आयोवा एक कृषि प्रधान राज्य है और वहाँ बहुत समतल ज़मीन और खेत हैं | In is state","Peter: mere shahara meM, eka nadI, aura kuCha tAlAba haiM| vahA.N pahAr nahIM hai | AyovA eka kRRiShi pradhAna rAjya hai aura vahA.N bahuta samatala zmIna aura kheta haiM | In is state","Peter: my town, there is a river and a few ponds. There no mountain there. Iowa is an agriculture based and there is a lot of even and farm land"
Daily Conversation - Hometown,"ऋतिक: क्या आपके शहर में, डाकघर, और पुलिस थाना आदि हैं station,","Hritik: kyA Apake shahara meM, DAkaghara, aura pulisa thAnA Adi haiM station,","Hritik: In your town, is there a post office, and a police etc"
Daily Conversation - Hometown,"पीटर: जी हाँ, मेरे शहर में एक डाक घर, और एक पुलिस थाना भी है | पटना में क्या-क्या है Yes, police","Peter: jI hA.N, mere shahara meM eka DAka ghara, aura eka pulisa thAnA bhI hai | paTanA meM kyA-kyA hai Yes, police","Peter: In my town, there is one post office, and one station too. What are there in Patna"
Daily Conversation - Hometown,"ऋतिक: पटना के बारे में, हम बाद में बात करें | अब क्लास का समय है","Hritik: paTanA ke bAre meM, hama bAda meM bAta kareM | aba klAsa kA samaya hai","Hritik: Let’s talk about Patna later. Now, it is time for class"
Daily Conversation - Hometown,"पीटर: ठीक है, कोई बात नहीं | Listening पीटर का शहर 140140","Peter: ThIka hai, koI bAta nahIM | Listening pITara kA shahara 140140","Peter: Okay, No problem. Listening Rajiv RanjanRajiv Ranjan"
Daily Conversation - Vegetable Market,विद्या: नमस्ते भइया,Vidya: namaste bhaiyA,Vidya: Hello
Daily Conversation - Vegetable Market,"दुकानदार: जी नमस्ते, आपको क्या चाहिए","Shopkeeper: jI namaste, Apako kyA chAhie","Shopkeeper: Yes, What do you want"
Daily Conversation - Vegetable Market,विद्या: आपके पास कौन-कौन सी सब्ज़ियाँ हैं,Vidya: Apake pAsa kauna-kauna sI sabziyA.N haiM,Vidya: What types of vegetables do you have
Daily Conversation - Vegetable Market,"दुकानदार: मेरे पास आलू, टमाटर, प्याज, गोभी, मूली, पालक, और करेला आदि सब्ज़ियाँ हैं| I cauliflower, gourd,","Shopkeeper: mere pAsa AlU, TamATara, pyAja, gobhI, mUlI, pAlaka, aura karelA Adi sabziyA.N haiM| I cauliflower, gourd,","Shopkeeper: have potato, tomato, onion, radish, spinach, and bitter etc"
Daily Conversation - Vegetable Market,विद्या: मुझे करेला और मूली पसंद नहीं | क्या आपके पास बैंगन और मटर है | मुझे मटर बहुत पसंद है | I Do peas,Vidya: mujhe karelA aura mUlI pasaMda nahIM | kyA Apake pAsa baiMgana aura maTara hai | mujhe maTara bahuta pasaMda hai | I Do peas,Vidya: do not like bitter-gourd and radish. you have eggplant and peas. I like a lot
Daily Conversation - Vegetable Market,"दुकानदार: जी हाँ, मेरे पास बैंगन है | माफ़ कीजिए, मगर, आजकल, मटर का मौसम नहीं है | इसलिए मेरे पास मटर नहीं है | Yes, not do","Shopkeeper: jI hA.N, mere pAsa baiMgana hai | mAf kIjie, magara, Ajakala, maTara kA mausama nahIM hai | isalie mere pAsa maTara nahIM hai | Yes, not do","Shopkeeper: I have eggplant. Sorry, but, this is the season for peas. This is why, I not have peas"
Daily Conversation - Vegetable Market,"विद्या: कोई बात नहीं, बैंगन कितने का है","Vidya: koI bAta nahIM, baiMgana kitane kA hai","Vidya: No problem, What is the cost of eggplant"
Daily Conversation - Vegetable Market,दुकानदार: बैंगन 50 रूपये किलो है,Shopkeeper: baiMgana 50 rUpaye kilo hai,Shopkeeper: Eggplant is 50 rupees per kilo
Daily Conversation - Vegetable Market,विद्या: मुझे लगता है कि यह बहुत महँगा है,Vidya: mujhe lagatA hai ki yaha bahuta maha.NgA hai,"Vidya: I think, it is quite expensive"
Daily Conversation - Vegetable Market,"दुकानदार: नहीं जी, दाम एक दम ठीक है | क्या आपको मालूम है कि यहाँ बैंगन का आयात हम दूसरे राज्यों से करते हैं No, you from","Shopkeeper: nahIM jI, dAma eka dama ThIka hai | kyA Apako mAlUma hai ki yahA.N baiMgana kA AyAta hama dUsare rAjyoM se karate haiM No, you from",Shopkeeper: the price is absolutely right. Do know that we import eggplants other states
Daily Conversation - Vegetable Market,"विद्या: अच्छा भइया, मुझे मटर, इस बाज़ार में, कहाँ मिलेगा this","Vidya: achChA bhaiyA, mujhe maTara, isa bAzAra meM, kahA.N milegA this","Vidya: Okay brother, where can I get peas in market"
Daily Conversation - Vegetable Market,दुकानदार: इस बाज़ार में तो आपको मटर कहीं नहीं मिलेगा,Shopkeeper: isa bAzAra meM to Apako maTara kahIM nahIM milegA,Shopkeeper: You will not get peas in this market anywhere
Daily Conversation - Vegetable Market,विद्या: अच्छा कोई बात नहीं | आधा किलो आलू और एक किलो टमाटर दीजिए | kilo,Vidya: achChA koI bAta nahIM | AdhA kilo AlU aura eka kilo TamATara dIjie | kilo,"Vidya: Okay, no problem. Please give me half potato and one kilo tomato"
Daily Conversation - Vegetable Market,दुकानदार: ठीक है | और कुछ,Shopkeeper: ThIka hai | aura kuCha,Shopkeeper: Okay. Anything else
Daily Conversation - Vegetable Market,विद्या: क्या आपके पास फल भी हैं,Vidya: kyA Apake pAsa phala bhI haiM,Vidya: Do you have fruits too
Daily Conversation - Vegetable Market,"दुकानदार: जी हाँ, मेरे पास सभी मौसमी फल हैं | आपको कौन से फल चाहिए fruits","Shopkeeper: jI hA.N, mere pAsa sabhI mausamI phala haiM | Apako kauna se phala chAhie fruits","Shopkeeper: Yes, I have all seasonal fruits. What do you want"
Daily Conversation - Vegetable Market,विद्या: एक दर्जन केले और एक किलो सेब दे दीजिए | one,Vidya: eka darjana kele aura eka kilo seba de dIjie | one,Vidya: Please give me one dozen banana and kilo apple
Daily Conversation - Vegetable Market,"दुकानदार: ठीक है | यह लीजिये आधा किलो आलू, एक किलो टमाटर, एक दर्जन केले और एक किलो सेब | Okay, kilo one","Shopkeeper: ThIka hai | yaha lIjiye AdhA kilo AlU, eka kilo TamATara, eka darjana kele aura eka kilo seba | Okay, kilo one","Shopkeeper: Please take half kilo potato, one tomato, one dozen banana, and kilo apple"
Daily Conversation - Vegetable Market,विद्या: कितना हुआ,Vidya: kitanA huA,Vidya: How much
Daily Conversation - Vegetable Market,दुकानदार: एक सौ पंद्रह रूपये,Shopkeeper: eka sau paMdraha rUpaye,Shopkeeper: 115 rupees
Daily Conversation - Vegetable Market,"विद्या: ठीक है. यह लीजिए आपके पैसे, नमस्ते","Vidya: ThIka hai. yaha lIjie Apake paise, namaste","Vidya: Okay, please take your money. Bye"
Daily Conversation - Vegetable Market,दुकानदार: नमस्ते BBASIC,Shopkeeper: namaste BBASIC,Shopkeeper: Bye. HINDIASIC HINDI      165165
Daily Conversation - Restaurant,"बैरा: आइये साहब, इस भोजनालय में आपका स्वागत है,  यहाँ बैठिये | restaurant,","Waiter: Aiye sAhaba, isa bhojanAlaya meM ApakA svAgata hai,  yahA.N baiThiye | restaurant,","Waiter: Please come sir, you are welcome in this please sit here"
Daily Conversation - Restaurant,ऋतिक: धन्यवाद ! खिड़की के पास कोई टेबल ख़ाली है ? मुझे बाहर का दृश्य देखना पसंद है | Thanks! window,Hritik: dhanyavAda ! khirkI ke pAsa koI Tebala khAlI hai ? mujhe bAhara kA dRRishya dekhanA pasaMda hai | Thanks! window,Hritik: Is there any table available near a I like to see outside view
Daily Conversation - Restaurant,"बैरा: जी हाँ साहब ख़ाली है, आइये, वहाँ बैठिये","Waiter: jI hA.N sAhaba khAlI hai, Aiye, vahA.N baiThiye","Waiter: Yes sir, it is available. Please come sit there"
Daily Conversation - Restaurant,"ऋतिक: बहुत अच्छा भाई, धन्यवाद [बैठने के बाद] [   ] [After sitting] [After sitting]","Hritik: bahuta achChA bhAI, dhanyavAda [baiThane ke bAda] [   ] [After sitting] [After sitting]","Hritik: Very well brother, thanks"
Daily Conversation - Restaurant,"बैरा: यह लीजिये पानी और खाने का मेन्यु (menu) | पानी के अलावा, पीने के लिए आपको क्या चाहिए Here want","Waiter: yaha lIjiye pAnI aura khAne kA menyu (menu) | pAnI ke alAvA, pIne ke lie Apako kyA chAhie Here want",Waiter: is water and food menu. What else do you to drink other than water
Daily Conversation - Restaurant,"ऋतिक: मुझे आपके यहाँ की शरबत बहुत पसंद है | पूजा, तुम्हें क्या चाहिए ? I really like your “Sharabat.”","Hritik: mujhe Apake yahA.N kI sharabata bahuta pasaMda hai | pUjA, tumheM kyA chAhie ? I really like your “Sharabat.”","Hritik: Puja, what do you want"
Daily Conversation - Restaurant,पूजा: मुझे लस्सी चाहिए | मुझे आम की लस्सी बहुत पसंद है | [थोड़ी देर बाद] [   ] [After a while] [After a while],Puja: mujhe lassI chAhie | mujhe Ama kI lassI bahuta pasaMda hai | [thorI dera bAda] [   ] [After a while] [After a while],Puja: I want lassii. I really like mango lassii
Daily Conversation - Restaurant,"बैरा: साहब, यह लीजिये आपकी शरबत, और मेम साहब, यह रही आपकी आम की लस्सी | आप लोग खाने में क्या-क्या लेंगे Sir, there is your “sharabat,” is","Waiter: sAhaba, yaha lIjiye ApakI sharabata, aura mema sAhaba, yaha rahI ApakI Ama kI lassI | Apa loga khAne meM kyA-kyA leMge Sir, there is your “sharabat,” is","Waiter: and madam, here your mango lassii. What do you like in food"
Daily Conversation - Restaurant,"ऋतिक: मुझे चिकेन करी, दो रोटियाँ,और एक प्लेट चावल चाहिए","Hritik: mujhe chikena karI, do roTiyA.N,aura eka pleTa chAvala chAhie","Hritik: I want chicken curry, two breads, and one plate rice"
Daily Conversation - Restaurant,"पूजा: मुझे पालक पनीर, और दो रोटियाँ चाहिए","Puja: mujhe pAlaka panIra, aura do roTiyA.N chAhie","Puja: I want palak paneer, and two breads"
Daily Conversation - Restaurant,बैरा: और कुछ,Waiter: aura kuCha,Waiter: Anything else
Daily Conversation - Restaurant,"पूजा: जी हाँ, मुझे एक प्लेट हरी सब्ज़ियों का सलाद भी चाहिए","Puja: jI hA.N, mujhe eka pleTa harI sabziyoM kA salAda bhI chAhie","Puja: Yes, I need one plate of green vegetables’ salad"
Daily Conversation - Restaurant,बैरा: बहुत अच्छा | [खाना खाने के बाद] [    ] [After eating the food] [After eating the food],Waiter: bahuta achChA | [khAnA khAne ke bAda] [    ] [After eating the food] [After eating the food],Waiter: Very well
Daily Conversation - Restaurant,बैरा: क्या आप को खाना पसंद आया,Waiter: kyA Apa ko khAnA pasaMda AyA,Waiter: Did you like the food
Daily Conversation - Restaurant,"पूजा: जी हाँ, खाना बहुत स्वादिष्ट था","Puja: jI hA.N, khAnA bahuta svAdiShTa thA","Puja: Yes, it was delicious"
Daily Conversation - Restaurant,बैरा: धन्यवाद मेम साहब ! आपको मीठे में क्या चाहिए,Waiter: dhanyavAda mema sAhaba ! Apako mIThe meM kyA chAhie,Waiter: Thanks madam! What do you like in dessert
Daily Conversation - Restaurant,"ऋतिक: मुझे एक कुल्फी चाहिए | और पूजा, तुम्हें क्या चाहिए","Hritik: mujhe eka kulphI chAhie | aura pUjA, tumheM kyA chAhie","Hritik: I like kulfi. And Puja, what do you want"
Daily Conversation - Restaurant,पूजा: मुझे भी कुल्फी पसंद है,Puja: mujhe bhI kulphI pasaMda hai,Puja: I like kulfi too
Daily Conversation - Restaurant,बैरा: बहुत अच्छा साहब | मैं अभी लाता हूँ,Waiter: bahuta achChA sAhaba | maiM abhI lAtA hU.N,Waiter: Very well. I will bring that right away
Daily Conversation - Restaurant,"ऋतिक: और हाँ भाई, हमें खाने का बिल भी जल्दी चाहिए | हमें फ़िल्म के लिए देर हो रही है | And are","Hritik: aura hA.N bhAI, hameM khAne kA bila bhI jaldI chAhie | hameM filma ke lie dera ho rahI hai | And are","Hritik: yes brother, please bring the bill too. We getting late for a movie"
Daily Conversation - Restaurant,बैरा: बिल्कुल साहब | [थोड़ी देर बाद] [   ] [After a while] [After a while],Waiter: bilkula sAhaba | [thorI dera bAda] [   ] [After a while] [After a while],Waiter: Sure sir
Daily Conversation - Restaurant,बैरा: ये लीजिये साहब आपकी कुल्फियां और खाने का बिल,Waiter: ye lIjiye sAhaba ApakI kulphiyAM aura khAne kA bila,Waiter: Here is your kulfi and bill
Daily Conversation - Restaurant,ऋतिक: कुल कितने रूपये का बिल है,Hritik: kula kitane rUpaye kA bila hai,Hritik: What is the total amount
Daily Conversation - Restaurant,बैरा: 180 रूपये का साहब,Waiter: 180 rUpaye kA sAhaba,"Waiter: 180 rupees, sir"
Daily Conversation - Restaurant,ऋतिक: यह लो दो सौ रूपये | 20 रूपये तुम्हारे लिए | 170170,Hritik: yaha lo do sau rUpaye | 20 rUpaye tumhAre lie | 170170,Hritik: Please take 200 rupees. 20 rupees for you. Rajiv RanjanRajiv Ranjan
Daily Conversation - Host Mother,"कमला: बेटी जेन, तुम्हारा हमारे घर में स्वागत है | यह तुम्हारा कमरा है | home","Kamala: beTI jena, tumhArA hamAre ghara meM svAgata hai | yaha tumhArA kamarA hai | home","Kamala: Daughter Jen, you are most welcome in our This is your room"
Daily Conversation - Host Mother,"जेन: धन्यवाद कमला जी, यह कमरा तो बहुत बड़ा और सुन्दर है","Jen: dhanyavAda kamalA jI, yaha kamarA to bahuta barA aura sundara hai","Jen: Thanks Kamala Ji, This room is very big and beautiful"
Daily Conversation - Host Mother,"कमला: हाँ बेटी, हम यह कमरा हर साल अपने अमेरिकी अतिथी को देते हैं | तुम ठीक से कमरा देख लो और मुझे बताओ कि तुम्हें और कुछ चाहिए | Yes American room","Kamala: hA.N beTI, hama yaha kamarA hara sAla apane amerikI atithI ko dete haiM | tuma ThIka se kamarA dekha lo aura mujhe batAo ki tumheM aura kuCha chAhie | Yes American room","Kamala: daughter, We offer this room to our guest every year. Please look at this and let me know if you need anything"
Daily Conversation - Host Mother,"जेन: माता जी, कमरा बहुत अच्छा है| मुझे इन खिड़कियों पर पर्दे चाहिए | these","Jen: mAtA jI, kamarA bahuta achChA hai| mujhe ina khirkiyoM para parde chAhie | these","Jen: Mother, the room is very good. I need curtains on windows"
Daily Conversation - Host Mother,कमला: खिडकियों पर पर्दे हैं| मगर अभी धुलने के लिए उतारे गये हैं | now,Kamala: khiDakiyoM para parde haiM| magara abhI dhulane ke lie utAre gaye haiM | now,Kamala: There are curtains on these windows. But right they are taken down to be washed
Daily Conversation - Host Mother,जेन: अच्छा | मुझे एक टेबल लैंप भी चाहिए,Jen: achChA | mujhe eka Tebala laiMpa bhI chAhie,Jen: Great! I also need a table lamp
Daily Conversation - Host Mother,कमला: ठीक है | मैं आज ही एक टेबल लैंप तुम्हारे कमरे में लगा दूंगी | तुम्हें और कुछ चाहिए Very room,Kamala: ThIka hai | maiM Aja hI eka Tebala laiMpa tumhAre kamare meM lagA dUMgI | tumheM aura kuCha chAhie Very room,Kamala: well. I will get you a table lamp in your What else do you need
Daily Conversation - Host Mother,जेन: नहीं और कुछ नहीं | धन्यवाद,Jen: nahIM aura kuCha nahIM | dhanyavAda,Jen: Nothing at all. Thanks
Daily Conversation - Host Mother,"कमला: अच्छा बेटी, क्या तुम्हें हिन्दुस्तानी खाना पसंद है","Kamala: achChA beTI, kyA tumheM hindustAnI khAnA pasaMda hai","Kamala: Okay daughter, do you like Indian food"
Daily Conversation - Host Mother,"जेन: जी हाँ, कमला जी, मुझे हिन्दुस्तानी खाना बहुत पसंद है","Jen: jI hA.N, kamalA jI, mujhe hindustAnI khAnA bahuta pasaMda hai","Jen: Yes, Kamala ji, I like Indian food very much"
Daily Conversation - Host Mother,कमला: अच्छा | और तुम्हें सुबह-सुबह चाय चाहिए या कॉफ़ी,Kamala: achChA | aura tumheM subaha-subaha chAya chAhie yA kaॉfI,Kamala: Okay. Do you like tea or coffee in the morning
Daily Conversation - Host Mother,जेन: आप लोग क्या पीते हैं,Jen: Apa loga kyA pIte haiM,Jen: What do you all drink
Daily Conversation - Host Mother,"कमला: हम लोग तो चाय पीते हैं ? मगर घर में, कॉफ़ी मशीन भी है| house","Kamala: hama loga to chAya pIte haiM ? magara ghara meM, kaॉfI mashIna bhI hai| house",Kamala: We drink tea. But we have coffee machine in the too
Daily Conversation - Host Mother,जेन: बहुत अच्छा ! मैं आप लोगों के साथ सुबह सुबह चाय पीना चाहती हूँ | morning,Jen: bahuta achChA ! maiM Apa logoM ke sAtha subaha subaha chAya pInA chAhatI hU.N | morning,Jen: Very well! I would like to drink tea in the with you all
Daily Conversation - Host Mother,कमला: बहुत अच्छा ! अब तुम आराम करो और सात बजे तैयार हो कर रात के खाने के लिए बाहर आओ | Very,Kamala: bahuta achChA ! aba tuma ArAma karo aura sAta baje taiyAra ho kara rAta ke khAne ke lie bAhara Ao | Very,Kamala: well! Now you rest and come out at 7 PM for dinner
Daily Conversation - Host Mother,"जेन: ठीक है कमला जी, और आपके परिवार के और लोग कहाँ हैं your","Jen: ThIka hai kamalA jI, aura Apake parivAra ke aura loga kahA.N haiM your",Jen: Okay Kamala ji. Where are the other members of family
Daily Conversation - Host Mother,"कमला: अभी सब व्यस्त हैं, रात को खाने पर मैं तुम्हारा परिचय सब लोगों से करवा दूंगी | Right all","Kamala: abhI saba vyasta haiM, rAta ko khAne para maiM tumhArA parichaya saba logoM se karavA dUMgI | Right all","Kamala: now, they are busy. I will introduce you to others at the dinner"
Daily Conversation - Host Mother,"जेन: ठीक है, कमला जी | आपका बहुत बहुत  धन्यवाद Listening Please BBASIC","Jen: ThIka hai, kamalA jI | ApakA bahuta bahuta  dhanyavAda Listening Please BBASIC",Jen: Okay Kamala ji. Thanks to you. Listening listen to the above written conversation. Click Here HINDIASIC HINDI      175175
Daily Conversation - SIM Card Shop,"जेन: नमस्ते जी, क्या आपके पास airtel का सिम कार्ड है","Jen: namaste jI, kyA Apake pAsa airtel kA sima kArDa hai","Jen: Namaste ji, do you have airtel sim card"
Daily Conversation - SIM Card Shop,"दुकानदार: जी हाँ, यहाँ आपको सभी कम्पनीयों के सिम कार्ड मिलेंगे","Shopkeeper: jI hA.N, yahA.N Apako sabhI kampanIyoM ke sima kArDa mileMge","Shopkeeper: Yes, here, you will sim card of all the companies"
Daily Conversation - SIM Card Shop,जेन: मुझे airtel का एक सिम कार्ड चाहिए,Jen: mujhe airtel kA eka sima kArDa chAhie,Jen: I just need one airtel sim card
Daily Conversation - SIM Card Shop,"दुकानदार: ठीक है, क्या आपके पास कोई फ़ोटो वाली पहचान कार्ड है","Shopkeeper: ThIka hai, kyA Apake pAsa koI foTo vAlI pahachAna kArDa hai","Shopkeeper: Okay, Do you have any photo identity card"
Daily Conversation - SIM Card Shop,"जेन: जी हाँ, मेरे पास मेरा पासपोर्ट है","Jen: jI hA.N, mere pAsa merA pAsaporTa hai","Jen: Yes, I have my passport"
Daily Conversation - SIM Card Shop,दुकानदार: बहुत अच्छा | क्या आपके पास आपका कोई फ़ोटो है,Shopkeeper: bahuta achChA | kyA Apake pAsa ApakA koI foTo hai,"Shopkeeper: Very good, do you have a photo"
Daily Conversation - SIM Card Shop,"जेन: जी हाँ, मेरी मेज़बान माता जी ने कहा था कि मुझे फ़ोटो ले जाना चाहिए | यह रहा मेरा फ़ोटो | Yes, bring","Jen: jI hA.N, merI mezbAna mAtA jI ne kahA thA ki mujhe foTo le jAnA chAhie | yaha rahA merA foTo | Yes, bring",Jen: my host mother had said that I should my photo. Here is my photo
Daily Conversation - SIM Card Shop,दुकानदार: अरे वाह ! यह बहुत अच्छी बात है | आपको सिम कार्ड में कितने पैसे चाहिए money,Shopkeeper: are vAha ! yaha bahuta achChI bAta hai | Apako sima kArDa meM kitane paise chAhie money,Shopkeeper: Wonderful! This is good. How much do you need in your sim card
Daily Conversation - SIM Card Shop,जेन: मुझे मालूम नहीं | क्या आप मुझे इसके बारे में बता सकते हैं,Jen: mujhe mAlUma nahIM | kyA Apa mujhe isake bAre meM batA sakate haiM,Jen: I don’t know. Can you tell me more about it
Daily Conversation - SIM Card Shop,"दुकानदार: जी हाँ ज़रूर, आम तौर पर, लोग तीन सौ रूपये का रिचार्ज ख़रीदते हैं| इसके अलावा, दो सौ रूपये का इन्टरनेट पैक | Sure, rupees. internet","Shopkeeper: jI hA.N zrUra, Ama taura para, loga tIna sau rUpaye kA richArja khrIdate haiM| isake alAvA, do sau rUpaye kA inTaraneTa paika | Sure, rupees. internet","Shopkeeper: generally, people get recharge of 300 Other than that, they also get pack of rupees 200"
Daily Conversation - SIM Card Shop,जेन: ठीक है| मुझे भी ये दोनों चाहिए,Jen: ThIka hai| mujhe bhI ye donoM chAhie,Jen: Okay. I need both of these
Daily Conversation - SIM Card Shop,दुकानदार: बहुत अच्छा | यह लीजिये आपका सिम कार्ड,Shopkeeper: bahuta achChA | yaha lIjiye ApakA sima kArDa,Shopkeeper: Very well. Here is your sim card
Daily Conversation - SIM Card Shop,जेन: कितने पैसे हुए,Jen: kitane paise hue,Jen: How much money
Daily Conversation - SIM Card Shop,दुकानदार: पांच सौ पचास रूपये,Shopkeeper: pAMcha sau pachAsa rUpaye,Shopkeeper: 550
Daily Conversation - SIM Card Shop,"जेन: अरे भाई, सिर्फ़ पांच सौ रूपये हुए ना","Jen: are bhAI, sirf pAMcha sau rUpaye hue nA","Jen: Oh brother, is it not 500 rupees only"
Daily Conversation - SIM Card Shop,"दुकानदार: नहीं मैडम, पचास रूपये सिम शुरू करने का चार्ज है | activate","Shopkeeper: nahIM maiDama, pachAsa rUpaye sima shurU karane kA chArja hai | activate","Shopkeeper: No madam, 50 rupees is service charge to the sim card"
Daily Conversation - SIM Card Shop,जेन: अच्छा ठीक है| यह लीजिये आपके पांच सौ पचास रूपये,Jen: achChA ThIka hai| yaha lIjiye Apake pAMcha sau pachAsa rUpaye,"Jen: Okay, alright. Please take this 550 rupees"
Daily Conversation - SIM Card Shop,"दुकानदार: बहुत अच्छा, धन्यवाद Listening जेन सिम कार्ड/फ़ोन की दुकान पर 194194","Shopkeeper: bahuta achChA, dhanyavAda Listening jena sima kArDa/fona kI dukAna para 194194","Shopkeeper: Very good, thanks! Listening Post reading/Listening Activities: Post reading/Listening Activities: An interactive H5P element has been excluded from this version of the text. You can view it online here: https://openbooks.lib.msu.edu/basichindi/?p=930#h5p-87 Rajiv RanjanRajiv Ranjan"
Daily Conversation - Cooking,विद्या: कैसे हो ऋतिक,Vidya: kaise ho RRitika,Vidya: How are your Hritik
Daily Conversation - Cooking,ऋतिक: मैं ठीक हूँ | धन्यवाद | तुम कैसी हो,Hritik: maiM ThIka hU.N | dhanyavAda | tuma kaisI ho,Hritik: I am fine. Thanks. How are you
Daily Conversation - Cooking,विद्या: मैं भी ठीक हूँ | धन्यवाद | आज तुम्हारे लंच बॉक्स में क्या है box,Vidya: maiM bhI ThIka hU.N | dhanyavAda | Aja tumhAre laMcha baॉksa meM kyA hai box,Vidya: I am good as well. Thanks. What is in your lunch today
Daily Conversation - Cooking,ऋतिक: आज मेरे लंच बॉक्स में रोटी और सब्ज़ी है,Hritik: Aja mere laMcha baॉksa meM roTI aura sabzI hai,Hritik: I have break and vegetable in my lunch box today
Daily Conversation - Cooking,विद्या: क्या यह तुम्हारा पसंदीदा खाना है,Vidya: kyA yaha tumhArA pasaMdIdA khAnA hai,Vidya: Is this your favorite food
Daily Conversation - Cooking,"ऋतिक: नहीं, मुझे खिचड़ी बहुत पसंद है","Hritik: nahIM, mujhe khicharI bahuta pasaMda hai","Hritik: No, I like khichadi a lot"
Daily Conversation - Cooking,विद्या: अरे वाह! मुझे भी खिचड़ी पसंद है | लेकिन मुझे खिचड़ी बनानी नहीं आती | Wao! cook,Vidya: are vAha! mujhe bhI khicharI pasaMda hai | lekina mujhe khicharI banAnI nahIM AtI | Wao! cook,Vidya: I too like khichadi. But I don’t know how to it
Daily Conversation - Cooking,ऋतिक: अरे यह तो बहुत आसान है,Hritik: are yaha to bahuta AsAna hai,Hritik: This is very easy
Daily Conversation - Cooking,विद्या: क्या तुम मुझे इसे बनाने की विधि बता सकते हो,Vidya: kyA tuma mujhe ise banAne kI vidhi batA sakate ho,Vidya: Can you tell me the recipe of it
Daily Conversation - Cooking,"ऋतिक: बिल्कुल, खिचड़ी बनाने के लिए तुम्हें चावल, दाल, टमाटर, प्याज, मटर, घी, लाल मिर्च, हरी मिर्च, अदरक, लहसून, जीरा, हिंग, हल्दी, गर्म मसाला, धनिया और नमक चाहिए | Sure, tomato, ginger, masala,","Hritik: bilkula, khicharI banAne ke lie tumheM chAvala, dAla, TamATara, pyAja, maTara, ghI, lAla mircha, harI mircha, adaraka, lahasUna, jIrA, hiMga, haldI, garma masAlA, dhaniyA aura namaka chAhie | Sure, tomato, ginger, masala,","Hritik: To cook khichadi, you need rice, lentils, onion, peas, ghee, red chilli, green chiili, garlic, cumin, asafoetida, turmeric, garam coriander, and salt"
Daily Conversation - Cooking,"विद्या: मुझे लगता है कि ये सारी चीज़ें मेरे घर पर हैं | अब मुझे इसे बनाने की विधि बताओ | I Now,","Vidya: mujhe lagatA hai ki ye sArI chIzeM mere ghara para haiM | aba mujhe ise banAne kI vidhi batAo | I Now,",Vidya: think these all things are available at home. tell me the recipe
Daily Conversation - Cooking,"ऋतिक: सबसे पहले एक प्रेशर कुकर में, घी डालो, फिर उस में जीरा, दो लाल मिर्च और हिंग डालो | दो मिनट तलने के बाद उस में प्याज, टमाटर, मटर, अदरक, लहसून, और नमक डाल कर तीन से चार मिनट तक पकाओ | उसके बाद, उसमें हल्दी, और गर्म मसाला डालो| जब एक पेस्ट तैयार हो जाय तो उसमे दाल और चावल डालो | उसे अच्छे से मिलाओ | फिर प्रेशर कुकर में चार-पांच कप पानी डाल कर पांच सिटी लगने तक पकाओ | फिर प्रेशर कुकर खोलो और खिचड़ी को दही के साथ परोसो | First asafoetida for garlic, minutes. masala lentils water open with","Hritik: sabase pahale eka preshara kukara meM, ghI DAlo, phira usa meM jIrA, do lAla mircha aura hiMga DAlo | do minaTa talane ke bAda usa meM pyAja, TamATara, maTara, adaraka, lahasUna, aura namaka DAla kara tIna se chAra minaTa taka pakAo | usake bAda, usameM haldI, aura garma masAlA DAlo| jaba eka pesTa taiyAra ho jAya to usame dAla aura chAvala DAlo | use achChe se milAo | phira preshara kukara meM chAra-pAMcha kapa pAnI DAla kara pAMcha siTI lagane taka pakAo | phira preshara kukara kholo aura khicharI ko dahI ke sAtha paroso | First asafoetida for garlic, minutes. masala lentils water open with","Hritik: of all, Add ghee, cumin, two red chilli and in a pressure cooker. After frying that two minutes, add onion, tomato, peas, ginger, and salt in that and cook for three to four After that add turmeric and garam in it. When the pest is ready, add rice and in it. Mix it well. Add four to five cups of in it and cook it till five whistles. After that the pressure cooker and serve the khichadi yogurt"
Daily Conversation - Cooking,विद्या: यह तो बहुत आसान है | मैं आज ही इसे बनाने की कोशिश करूँगी,Vidya: yaha to bahuta AsAna hai | maiM Aja hI ise banAne kI koshisha karU.NgI,Vidya: This is very easy. I will try to cook it today
Daily Conversation - Cooking,"ऋतिक: अच्छा विद्या, तुम्हारा पसंदीदा खाना क्या है","Hritik: achChA vidyA, tumhArA pasaMdIdA khAnA kyA hai","Hritik: Okay Vidya, what is your favorite food"
Daily Conversation - Cooking,विद्या: मुझे तो चिकेन करी बहुत पसंद है,Vidya: mujhe to chikena karI bahuta pasaMda hai,Vidya: I like chicken curry a lot
Daily Conversation - Cooking,ऋतिक: क्या तुम मुझे चिकेन करी बनाने की विधि बता सकती हो,Hritik: kyA tuma mujhe chikena karI banAne kI vidhi batA sakatI ho,Hritik: Can you tell me the recipe of the chicken curry
Daily Conversation - Cooking,"विद्या: हाँ, क्यों नहीं ? लेकिन आज नहीं, कल","Vidya: hA.N, kyoM nahIM ? lekina Aja nahIM, kala","Vidya: Yes, why not? But not today, tomorrow"
Daily Conversation - Cooking,ऋतिक: ठीक है | फिर मिलेंगे,Hritik: ThIka hai | phira mileMge,"Hritik: Okay, see you again"
Daily Conversation - Cooking,विद्या: नमस्ते Listening मेरा पसंदीदा खाना और इसे बनाने की विधि 198198,Vidya: namaste Listening merA pasaMdIdA khAnA aura ise banAne kI vidhi 198198,Vidya: Namaste. Listening Rajiv RanjanRajiv Ranjan
Daily Conversation - Directions,पीटर: हैलो शिल्पा,Peter: hailo shilpA,Peter: Hello Shilpa
Daily Conversation - Directions,"शिल्पा: हैलो पीटर, क्या बात है ? तुम कहाँ हो","Shilpa: hailo pITara, kyA bAta hai ? tuma kahA.N ho","Shilpa: Hello Peter, What is the matter? Where are you"
Daily Conversation - Directions,पीटर: मैं एक भारतीय रेस्टोरेंट में हूँ | यह बहुत अच्छी जगह है | अगर तुम ख़ाली हो तो हम साथ में खाना खा सकते हैं | I you,Peter: maiM eka bhAratIya resToreMTa meM hU.N | yaha bahuta achChI jagaha hai | agara tuma khAlI ho to hama sAtha meM khAnA khA sakate haiM | I you,Peter: am at an Indian restaurant. This is a great place. If are available we can eat lunch together
Daily Conversation - Directions,"शिल्पा: हाँ, मैं ख़ाली हूँ | मगर मुझे वहाँ का रास्ता मालूम नहीं | to","Shilpa: hA.N, maiM khAlI hU.N | magara mujhe vahA.N kA rAstA mAlUma nahIM | to","Shilpa: Yes, I am available. But I don’t know the direction that place"
Daily Conversation - Directions,पीटर: अभी तुम कहाँ हो,Peter: abhI tuma kahA.N ho,Peter: Where are you right now
Daily Conversation - Directions,शिल्पा: मैं अभी Wells Hall में हूँ,Shilpa: maiM abhI Wells Hall meM hU.N,Shilpa: I am in  Wells Hall right now
Daily Conversation - Directions,"पीटर: अच्छा, वहाँ  से Red Cedar Road पर आओ और बाएँ मुड़कर सीधा चलो, और फिर Shaw Lane पर बाएँ मुड़ो | थोड़ी दूर चल कर Lane पर दाहिने मुड़ो और सीधा चलो | उसके बाद, पर बाएँ मुड़ो | उसके बाद, Haggadorn Road पर दाहिने मुड़ो | Haggadorn Road पर तीन मिल पर Jolly Road आयेगा | Road पर बाएँ मुड़ो | एक मिल पर, तुम्हें यह रेस्टोरेंट मिलेगा | Okay, walk left a that right Haggadorn Turn this","Peter: achChA, vahA.N  se Red Cedar Road para Ao aura bAe.N murkara sIdhA chalo, aura phira Shaw Lane para bAe.N muro | thorI dUra chala kara Lane para dAhine muro aura sIdhA chalo | usake bAda, para bAe.N muro | usake bAda, Haggadorn Road para dAhine muro | Haggadorn Road para tIna mila para Jolly Road AyegA | Road para bAe.N muro | eka mila para, tumheM yaha resToreMTa milegA | Okay, walk left a that right Haggadorn Turn this","Peter: Farm Mt. Hope Road Jolly Come out of Wells hall, and turn left and straight on Red Cedar Road, and then take a turn on Shaw Lane. After a little distance, take right turn on Farm Lane and go straight. After turn left of Mt. Hope Road. After that turn on Haggadorn Road. After going on for three miles, Jolly Road would come. left on Jolly Road. After a mile, you will find restaurant"
Daily Conversation - Directions,शिल्पा: बहुत अच्छा | मैं थोड़ी देर में वहाँ आती हूँ,Shilpa: bahuta achChA | maiM thorI dera meM vahA.N AtI hU.N,Shilpa: Very well. I come there in a little bit
Daily Conversation - Directions,"पीटर: ठीक है, मैं तुम्हारा इंतज़ार कर रहा हूँ | Listening रास्ता बताना BBASIC","Peter: ThIka hai, maiM tumhArA iMtazAra kara rahA hU.N | Listening rAstA batAnA BBASIC","Peter: Okay, I am waiting for you. Listening HINDIASIC HINDI      201201"
Daily Conversation - Social Media,"विद्या: पीटर, तुम अपने फ़ोन पर क्या करते रहते हो","Vidya: pITara, tuma apane fona para kyA karate rahate ho","Vidya: Peter, what do you keep doing on your phone"
Daily Conversation - Social Media,पीटर: मैं अपना फ़ेसबुक देखता रहता हूँ,Peter: maiM apanA fesabuka dekhatA rahatA hU.N,Peter: I keep checking my facebook
Daily Conversation - Social Media,विद्या: यह फ़ेसबुक क्या है,Vidya: yaha fesabuka kyA hai,Vidya: What is this facebook
Daily Conversation - Social Media,"पीटर: फ़ेसबुक एक सोसल मीडिया है | फ़ेसबुक में तुम दोस्त बना सकती हो, अपनी तस्वीर लगा सकती हो और दूसरे शहरों और देशों के दोस्तों से बात कर सकती हो | क्या तुम्हारा फ़ेसबुक खाता नहीं है Facebook can friends have","Peter: fesabuka eka sosala mIDiyA hai | fesabuka meM tuma dosta banA sakatI ho, apanI tasvIra lagA sakatI ho aura dUsare shaharoM aura deshoM ke dostoM se bAta kara sakatI ho | kyA tumhArA fesabuka khAtA nahIM hai Facebook can friends have","Peter: is a social media. On facebook, you make friends, post your photo and make from other towns and countries. Do you a facebook account"
Daily Conversation - Social Media,"विद्या: नहीं, आज मैं पहली बार इस फ़ेसबुक के बारे में सुन रही हूँ | क्या तुम मुझे फ़ेसबुक पर खाता खोलने में मदद करोगी No, time","Vidya: nahIM, Aja maiM pahalI bAra isa fesabuka ke bAre meM suna rahI hU.N | kyA tuma mujhe fesabuka para khAtA kholane meM madada karogI No, time","Vidya: today, I am learning about the facebook first Will you help me to open a facebook account"
Daily Conversation - Social Media,"पीटर: हाँ, ज़रूर, क्या तुम्हारा कोई ई.मेल अड्रेस है","Peter: hA.N, zrUra, kyA tumhArA koI I.mela aDresa hai","Peter: Yes, indeed, do you have any e.mail. address"
Daily Conversation - Social Media,"विद्या: हाँ, मेरा gmail पर एक खाता है","Vidya: hA.N, merA gmail para eka khAtA hai","Vidya: Yes, I have an account on gmail"
Daily Conversation - Social Media,"पीटर: ठीक है | अब तुम अपने फ़ोन में facebook.com पर जाओ और create new account पर क्लिक करो | उसके बाद, अपना नाम, ई.मेल या फ़ोन नंबर, पासवर्ड, जन्म तिथि और लिंग दर्ज करो | उसके बाद साइन अप पर क्लिक करो | उसके बाद ई.मेल या फ़ोन नंबर की पुष्टि करो और तुम्हारा खाता खुल जाएगा | Okay, phone that password, click or","Peter: ThIka hai | aba tuma apane fona meM facebook.com para jAo aura create new account para klika karo | usake bAda, apanA nAma, I.mela yA fona naMbara, pAsavarDa, janma tithi aura liMga darja karo | usake bAda sAina apa para klika karo | usake bAda I.mela yA fona naMbara kI puShTi karo aura tumhArA khAtA khula jAegA | Okay, phone that password, click or","Peter: Now you go to facebook.com on your and click on create new account. After put your name, e.mail or phone number, date of birth and gender. After that on sign up. After that confirm your e.mail phone number and your account will open"
Daily Conversation - Social Media,विद्या: अरे वाह ! यह तो बहुत आसान है | फिर क्या करना है,Vidya: are vAha ! yaha to bahuta AsAna hai | phira kyA karanA hai,Vidya: Oh wao! This is so easy. Then what do I have to do
Daily Conversation - Social Media,पीटर: उसके बाद तुम अपने profile में अपना फ़ोटो और दूसरी सूचनाएं update कर सकती हो और दोस्तों को friend request भेज सकती हो | After other to,Peter: usake bAda tuma apane profile meM apanA foTo aura dUsarI sUchanAeM update kara sakatI ho aura dostoM ko friend request bheja sakatI ho | After other to,Peter: that you can update your profile photo and information and can send friend requests your friends
Daily Conversation - Social Media,विद्या: बहुत अच्छा ! मैं आज ही फ़ेसबुक पर खाता खोल कर तुम्हें request भेजूँगी | Very and,Vidya: bahuta achChA ! maiM Aja hI fesabuka para khAtA khola kara tumheM request bhejU.NgI | Very and,"Vidya: friend well! Today, I will open a facebook account will send you a friend request"
Daily Conversation - Social Media,"पीटर: बहुत अच्छा, फिर हम फ़ेसबुक पर बात करेंगे | Listening सोसल मीडिया पर खाता खोलना Post-Reading/Listening Activities Post-Reading/Listening a) b) account account 204204","Peter: bahuta achChA, phira hama fesabuka para bAta kareMge | Listening sosala mIDiyA para khAtA kholanA Post-Reading/Listening Activities Post-Reading/Listening a) b) account account 204204","Peter: Very well, then we will chat on facebook. Listening Activities Please check your vocabulary An interactive H5P element has been excluded from this version of the text. You can view it online here: https://openbooks.lib.msu.edu/basichindi/?p=1159#h5p-92 Ima gine you a re working in rural pa rt of In dia wi th villa gers. You wan t th em to o pen a gmail but they don’t know English. Please prepare a list of instruc tions in Hindi to open a gmail for them. Rajiv RanjanRajiv Ranjan"
Daily Conversation - Making Tea,"जेन: शुभ प्रात:, माता जी, आप क्या बना रही हैं","Jen: shubha prAta:, mAtA jI, Apa kyA banA rahI haiM","Jen: Good morning, mother, what are you making"
Daily Conversation - Making Tea,"कमला: Good morning जेन, आज तुम जल्दी जाग गयी | मैं परिवार के लिए चाय बना रही हूँ | Good making","Kamala: Good morning jena, Aja tuma jaldI jAga gayI | maiM parivAra ke lie chAya banA rahI hU.N | Good making","Kamala: morning Jen, You are awake so early today. I am chai for the family"
Daily Conversation - Making Tea,जेन: यह तो बहुत अच्छी बात है | मैं चाय बनाना सीखना चाहती हूँ,Jen: yaha to bahuta achChI bAta hai | maiM chAya banAnA sIkhanA chAhatI hU.N,Jen: This is great. I want to learn how to make chai
Daily Conversation - Making Tea,"कमला: चाय बनाना बहुत आसान है | सबसे पहले, एक पैन में पानी, दूध, चाय पत्ती, और चाय का मसाला डाल के उबालिए | To milk, (थोड़ी देर बाद","Kamala: chAya banAnA bahuta AsAna hai | sabase pahale, eka paina meM pAnI, dUdha, chAya pattI, aura chAya kA masAlA DAla ke ubAlie | To milk, (thorI dera bAda","Kamala: make chai is very easy. First of all, please take water, tea leaves, and tea spice in a aucepan and boil them. After a while"
Daily Conversation - Making Tea,"जेन: कमला जी, यह अब उबल रहा है","Jen: kamalA jI, yaha aba ubala rahA hai","Jen: Kamala ji, this is boiling now"
Daily Conversation - Making Tea,कमला: अब आंच कम कीजिये और इसे थोड़ा ठंडा होने दीजिये | (थोड़ी देर बाद,Kamala: aba AMcha kama kIjiye aura ise thorA ThaMDA hone dIjiye | (thorI dera bAda,Kamala: Now please lower the heat and let it cool down a little bit. After a while
Daily Conversation - Making Tea,"जेन: कमला जी, यह अब थोड़ा ठंडा हो गया है","Jen: kamalA jI, yaha aba thorA ThaMDA ho gayA hai","Jen: Kamala ji, it gets cooler a little"
Daily Conversation - Making Tea,"कमला: ठीक है, अब चाय छन्नी से मसाले और चाय पत्ती को छान लीजिये | Okay, using","Kamala: ThIka hai, aba chAya ChannI se masAle aura chAya pattI ko ChAna lIjiye | Okay, using",Kamala: now please strain the tea leaves and tea spices a strainer
Daily Conversation - Making Tea,जेन: हो गया,Jen: ho gayA,Jen: done
Daily Conversation - Making Tea,कमला: अब इसमे अपने स्वाद के अनुसार चीनी मिलाइए | आपकी चाय तैयार Now is,Kamala: aba isame apane svAda ke anusAra chInI milAie | ApakI chAya taiyAra Now is,Kamala: add sugar in this according to your taste. Your tea ready
Daily Conversation - Making Tea,जेन: यह मेरी ज़िन्दगी का सबसे पहला चाय है जो मैंने ख़ुद बनाया है,Jen: Khud,Jen: This is the first tea that I have made my own in my life
Daily Conversation - Making Tea,कमला: वाह ! अगर आप चाहें तो परिवार के लिए हर रोज़ चाय बना सकती हैं | Wao,Kamala: vAha ! agara Apa chAheM to parivAra ke lie hara roz chAya banA sakatI haiM | Wao,Kamala: If you want you can make tea for the family every day
Daily Conversation - Making Tea,जेन: अगर मैं हर दिन इस समय जाग पायी तो दोनों हँसती हैं और चाय का मजा लेती हैं | Listening चाय बनाने की विधि BBASIC,Jen: agara maiM hara dina isa samaya jAga pAyI to donoM ha.NsatI haiM aura chAya kA majA letI haiM | Listening chAya banAne kI vidhi BBASIC,Jen: If I get up this time everyday. Both laugh and enjoy their tea. Listening HINDIASIC HINDI      207207
Daily Conversation - Bank Account,"ऋतिक: पीटर भाई, नमस्ते, क्या हाल है","Hritik: pITara bhAI, namaste, kyA hAla hai","Hritik: Brother Peter, namaste, how are you"
Daily Conversation - Bank Account,"पीटर: नमस्ते ऋतिक भाई, सब ठीक है | मगर मुझे तुम्हारी मदद चाहिए | namaste, your","Peter: namaste RRitika bhAI, saba ThIka hai | magara mujhe tumhArI madada chAhie | namaste, your","Peter: brother Hrithik, All is well. But, I need help"
Daily Conversation - Bank Account,"ऋतिक: कहो, मैं तुम्हारी क्या मदद कर सकता हूँ","Hritik: kaho, maiM tumhArI kyA madada kara sakatA hU.N","Hritik: Tell, How can I help you"
Daily Conversation - Bank Account,पीटर: मुझे एक छात्रवृत्ति मिली है | मगर मेरा बैंक में खाता नहीं है | bank,Peter: mujhe eka ChAtravRRitti milI hai | magara merA baiMka meM khAtA nahIM hai | bank,"Peter: I have received a scholarship. But, I do not have my account"
Daily Conversation - Bank Account,"ऋतिक: बधाई हो | बैंक में खाता खोलने में, मैं तुम्हारी मदद करूँगा","Hritik: badhAI ho | baiMka meM khAtA kholane meM, maiM tumhArI madada karU.NgA",Hritik: Congratulations ! I will help you to open a bank account
Daily Conversation - Bank Account,पीटर: ठीक है | धन्यवाद | मुझे क्या करना होगा,Peter: ThIka hai | dhanyavAda | mujhe kyA karanA hogA,Peter: Okay. Thank you. What will I have to do
Daily Conversation - Bank Account,ऋतिक: कल तुम एक बैंक से खाता खोलने वाला आवेदन पत्र लाओ,Hritik: kala tuma eka baiMka se khAtA kholane vAlA Avedana patra lAo,Hritik: Bring an application form to open a bank account tomorrow
Daily Conversation - Bank Account,पीटर: ठीक है| मुझे और किन चीजों की ज़रूरत होगी,Peter: ThIka hai| mujhe aura kina chIjoM kI zrUrata hogI,Peter: Okay. What else will I need
Daily Conversation - Bank Account,"ऋतिक: तुम्हें दो फ़ोटो, आधार कार्ड, और एक ग्रान्टर चाहिए","Hritik: tumheM do foTo, AdhAra kArDa, aura eka grAnTara chAhie","Hritik: You need two photos, aadhar card, and a guarantor"
Daily Conversation - Bank Account,पीटर: मेरे पास फ़ोटो हैं | मगर मैं विदेशी हूँ | मेरे पास आधार कार्ड नहीं है | I aadhar,Peter: mere pAsa foTo haiM | magara maiM videshI hU.N | mere pAsa AdhAra kArDa nahIM hai | I aadhar,Peter: have photos. But I am a foreigner. I do not have a card
Daily Conversation - Bank Account,"ऋतिक: कोई बात नहीं, अपना पासपोर्ट लाओ","Hritik: koI bAta nahIM, apanA pAsaporTa lAo",Hritik: No worries. Bring your passport
Daily Conversation - Bank Account,पीटर: ठीक है | मगर ग्रान्टर कौन होगा,Peter: ThIka hai | magara grAnTara kauna hogA,"Peter: Okay. But, who will be the guarantor"
Daily Conversation - Bank Account,ऋतिक: मेरा बैंक में खाता है | मैं तुम्हारा ग्रान्टर बन सकता हूँ,Hritik: merA baiMka meM khAtA hai | maiM tumhArA grAnTara bana sakatA hU.N,Hritik: I have a bank account. I can be your guarantor
Daily Conversation - Bank Account,पीटर: अरे वाह ! यह तो बहुत अच्छी बात है | मुझे आज ही आवेदन पत्र ले आना चाहिए | Wao! today,Peter: are vAha ! yaha to bahuta achChI bAta hai | mujhe Aja hI Avedana patra le AnA chAhie | Wao! today,Peter: This is great. I should bring the application itself
Daily Conversation - Bank Account,"ऋतिक: ठीक है, हम कल मिलेंगे | Listening बैंक में खाता खोलना Post-Reading/Listening Activities Post-Reading/Listening (a) 226226","Hritik: ThIka hai, hama kala mileMge | Listening baiMka meM khAtA kholanA Post-Reading/Listening Activities Post-Reading/Listening (a) 226226",Hritik: Okay. We will meet tomorrow. Listening Activities Please check your vocabulary An interactive H5P element has been excluded from this version of the text. You can view it online here: https://openbooks.lib.msu.edu/basichindi/?p=1025#h5p-103 Rajiv RanjanRajiv Ranjan
Daily Conversation - Weekend Hobbies,"संगीता: कैसी हो, शिल्पा ? सुना कि तुम और पीटर फ़िल्म देखने गये थे | went शिल्पा मैं ठीक हूँ | धन्यवाद ! हाँ पिछले शनिवार को हम ने एक फ़िल्म देखी | तुम सप्ताहांत में क्या करती हो? I a","Sangeeta: kaisI ho, shilpA ? sunA ki tuma aura pITara filma dekhane gaye the | went shilpA maiM ThIka hU.N | dhanyavAda ! hA.N piChale shanivAra ko hama ne eka filma dekhI | tuma saptAhAMta meM kyA karatI ho? I a","Sangeeta: How are you, Shilpa? I heard that you and peter to watch a movie. am well. Thank you! Yes, last Saturday, we watch movie. What do you do on weekend"
Daily Conversation - Weekend Hobbies,"संगीता: मैं अपने ख़ाली समय में किताबें पढ़ती हूँ और चित्रकारी करती हूँ | तुम क्या करती हो In do शिल्पा मैं फ़िल्में देखती हूँ और टेबल टेनिस खेलती हूँ | और हाँ, मैं योग अभ्यास भी करती हूँ | I do","Sangeeta: maiM apane khAlI samaya meM kitAbeM parhtI hU.N aura chitrakArI karatI hU.N | tuma kyA karatI ho In do shilpA maiM filmeM dekhatI hU.N aura Tebala Tenisa khelatI hU.N | aura hA.N, maiM yoga abhyAsa bhI karatI hU.N | I do","Sangeeta: my available time, I read books and paint. What you do? watch movies, and play table tennis. And, yes, I yoga too"
Daily Conversation - Weekend Hobbies,"संगीता: अरे वाह ! तुम तो अपने शरीर पर बहुत ध्यान देती हो | शिल्पा, मुझे फ़िल्म की कहानी बताओ | Wao! me शिल्पा कौन सी फ़िल्म की कहानी","Sangeeta: are vAha ! tuma to apane sharIra para bahuta dhyAna detI ho | shilpA, mujhe filma kI kahAnI batAo | Wao! me shilpA kauna sI filma kI kahAnI","Sangeeta: You pay attention to your body. Shilpa, tell the story of a movie. ? Story of which movie"
Daily Conversation - Weekend Hobbies,"संगीता: जो फ़िल्म तुम और पीटर देखने गये थे | शिल्पा अच्छा, यह एक दिलचस्प फ़िल्म थी | इस फ़िल्म में एक लड़का एक लड़की से प्यार करता है | मगर लड़की किसी और लड़के से प्यार करती है | बाद में उसे पता चलता है कि वह लड़का जिससे वह प्यार करती है वह अच्छा आदमी नहीं है | फिर वह लड़की उस लड़के के साथ शादी करती है जो उसे प्यार करता है | Okay, boy After Then","Sangeeta: jo filma tuma aura pITara dekhane gaye the | shilpA achChA, yaha eka dilachaspa filma thI | isa filma meM eka larkA eka larkI se pyAra karatA hai | magara larkI kisI aura larke se pyAra karatI hai | bAda meM use patA chalatA hai ki vaha larkA jisase vaha pyAra karatI hai vaha achChA AdamI nahIM hai | phira vaha larkI usa larke ke sAtha shAdI karatI hai jo use pyAra karatA hai | Okay, boy After Then","Sangeeta: The film that you and peter had gone to watch. This was an interesting film. In this film, a loves a girl. But the girl loves some other boy. a while, she learns that he is not a good man. she marries the boy who loves her"
Daily Conversation - Weekend Hobbies,"संगीता: अरे वाह ! यह तो Love triangle लगता है| शिल्पा संगीता, मैं भी चित्रकारी करना चाहती हूँ | क्या तुम मुझे चित्रकारी करना सिखा सकती हो Sangeeta,","Sangeeta: are vAha ! yaha to Love triangle lagatA hai| shilpA saMgItA, maiM bhI chitrakArI karanA chAhatI hU.N | kyA tuma mujhe chitrakArI karanA sikhA sakatI ho Sangeeta,",Sangeeta: Wao! This seems like a love triangle. ? I do want to paint. Can you teach me painting
Daily Conversation - Weekend Hobbies,"संगीता: हाँ बिल्कुल, अगले रविवार को मेरे घर आ जाओ, हम एक साथ चित्रकारी करेंगे | Yes, we शिल्पा अच्छा | Listening मेरे शौक Post-Reading/Listening Activities Post-Reading/Listening (a) 240240","Sangeeta: hA.N bilkula, agale ravivAra ko mere ghara A jAo, hama eka sAtha chitrakArI kareMge | Yes, we shilpA achChA | Listening mere shauka Post-Reading/Listening Activities Post-Reading/Listening (a) 240240","Sangeeta: of course, come to my home on next Sunday, will paint together. Great. Listening Activities Check your vocabulary Rajiv RanjanRajiv Ranjan"
Daily Conversation - Festivals,"शिल्पा: पीटर, तुम्हें क्रिसमस की हार्दिक शुभकामनायें","Shilpa: pITara, tumheM krisamasa kI hArdika shubhakAmanAyeM","Shilpa: Peter, Merry Christmas to you"
Daily Conversation - Festivals,"पीटर: धन्यवाद शिल्पा | तुम्हें भी क्रिसमस की हार्दिक शुभकामनायें | शिल्पा, क्या क्रिसमस तुम्हारा पसंदीदा त्योहार है Thanks Christmas","Peter: dhanyavAda shilpA | tumheM bhI krisamasa kI hArdika shubhakAmanAyeM | shilpA, kyA krisamasa tumhArA pasaMdIdA tyohAra hai Thanks Christmas","Peter: Shilpa, Merry Christmas to you too. Is your favorite festival"
Daily Conversation - Festivals,"शिल्पा: नहीं, मेरा पसंदीदा त्योहार दिवाली है","Shilpa: nahIM, merA pasaMdIdA tyohAra divAlI hai","Shilpa: No, My favorite festival is Diwali"
Daily Conversation - Festivals,"पीटर: अच्छा, तुम दिवाली कैसे मनाती हो","Peter: achChA, tuma divAlI kaise manAtI ho",Peter: Okay. How do you celebrate Diwali
Daily Conversation - Festivals,"शिल्पा: दिवाली के पहले, हम अपना घर साफ़ करते हैं | दिवाली की शाम, हम दीप जलाते हैं, लक्ष्मी और गणेश की पूजा करते हैं | मिठाइयाँ खाते हैं और आतिशबाज़ी करते हैं | Before on and","Shilpa: divAlI ke pahale, hama apanA ghara sAf karate haiM | divAlI kI shAma, hama dIpa jalAte haiM, lakShmI aura gaNesha kI pUjA karate haiM | miThAiyA.N khAte haiM aura AtishabAzI karate haiM | Before on and","Shilpa: Diwali, we clean our homes. On the evening Diwali, we lit clay lamp and worship Lakshami Ganesha. We eat sweets, and do fireworks"
Daily Conversation - Festivals,"पीटर: मुझे भारतीय मिठाइयाँ बहुत पसंद हैं | शिल्पा, मेरा एक सवाल है | भारतीय दिवाली क्यों मनाते हैं I question","Peter: mujhe bhAratIya miThAiyA.N bahuta pasaMda haiM | shilpA, merA eka savAla hai | bhAratIya divAlI kyoM manAte haiM I question","Peter: like Indian sweets very much. Shilpa, I have a Why do Indian celebrate Diwali"
Daily Conversation - Festivals,"शिल्पा: ऐसा माना जाता है कि, भगवान राम रावण को मार कर जब अयोध्या आये थे तब अयोध्या के लोगों ने उनका स्वागत दीप जलाकर किया था उसी दिन से हम दिवाली मनाते हैं | पीटर भाई, ईसाई लोग क्रिसमस क्यों मनाते हो It Ayodhya welcomed day, Christians","Shilpa: aisA mAnA jAtA hai ki, bhagavAna rAma rAvaNa ko mAra kara jaba ayodhyA Aye the taba ayodhyA ke logoM ne unakA svAgata dIpa jalAkara kiyA thA usI dina se hama divAlI manAte haiM | pITara bhAI, IsAI loga krisamasa kyoM manAte ho It Ayodhya welcomed day, Christians","Shilpa: is believed that when Lord Ram returned to after killing Rawan, people of Ayodhya him by lighting the clay lamps. Since that we celebrate Diwali. Brother Peter, why do celebrate Christmas"
Daily Conversation - Festivals,"पीटर: यह मना जाता है कि इस दिन ईसा मसीह का जन्म हुआ था | ऋतिक भाई, तुम्हारा पसंदीदा त्योहार कौन सा है It Brother","Peter: yaha manA jAtA hai ki isa dina IsA masIha kA janma huA thA | RRitika bhAI, tumhArA pasaMdIdA tyohAra kauna sA hai It Brother","Peter: is believed that Jesus Christ was born on this day. Hrithik, Which is your favorite festival"
Daily Conversation - Festivals,ऋतिक: मुझे तो छठ पूजा बहुत पसंद है,Hritik: mujhe to ChaTha pUjA bahuta pasaMda hai,Hritik: I really like Chhath pooja
Daily Conversation - Festivals,"पीटर: मैं छठ पूजा के बारे में कुछ नहीं जानता | इसके बारे में मुझे कुछ बताओ, न| I tell","Peter: maiM ChaTha pUjA ke bAre meM kuCha nahIM jAnatA | isake bAre meM mujhe kuCha batAo, na| I tell",Peter: do not know anything about Chhath pooja. Please me about it
Daily Conversation - Festivals,"ऋतिक: छठ पूजा हिन्दुओं का एक बहुत ही पवित्र पर्व है | छठ पूजा में हम सूर्य भगवान की पूजा करते हैं | Chhath pooja,","Hritik: ChaTha pUjA hinduoM kA eka bahuta hI pavitra parva hai | ChaTha pUjA meM hama sUrya bhagavAna kI pUjA karate haiM | Chhath pooja,",Hritik: pooja is a holy festival of Hindus. In Chhath we worship God sun
Daily Conversation - Festivals,पीटर: क्या तुम मुझे छठ पूजा में अपने घर बुलाओगे,Peter: kyA tuma mujhe ChaTha pUjA meM apane ghara bulAoge,Peter: Will you invite me to your home on Chhath pooja
Daily Conversation - Festivals,"ऋतिक: हाँ बिल्कुल, अगले छठ पूजा में तुम मेरे घर ज़रूर आना | Chhath","Hritik: hA.N bilkula, agale ChaTha pUjA meM tuma mere ghara zrUra AnA | Chhath","Hritik: Yes, of course, you must come to my home on next pooja"
Daily Conversation - Festivals,शिल्पा: और मैं,Shilpa: aura maiM,Shilpa: And me
Daily Conversation - Festivals,ऋतिक: तुम्हारा भी स्वागत है | Listening त्योहार Post-Reading/Listening Activities Post-Reading/Listening (a) BBASIC,Hritik: tumhArA bhI svAgata hai | Listening tyohAra Post-Reading/Listening Activities Post-Reading/Listening (a) BBASIC,Hritik: You are also welcome. Listening Activities Please check your vocabulary HINDIASIC HINDI      243243
Daily Conversation - Travel Plans,"जेन: नमस्ते माँ, तुम कैसी हो और अभी क्या कर रही हो doing","Jen: namaste mA.N, tuma kaisI ho aura abhI kyA kara rahI ho doing","Jen: Hello mother, how are you and what are you right now"
Daily Conversation - Travel Plans,"केरेन: नमस्ते बेटी, मैं ठीक हूँ और अभी अपना सामान पैक कर रही हूँ | मैं कल सुबह के हवाई जहाज़ से भारत आ रही हूँ | तुम कैसी हो और क्या कर रही हो? Hello right flight you","Karen: namaste beTI, maiM ThIka hU.N aura abhI apanA sAmAna paika kara rahI hU.N | maiM kala subaha ke havAI jahAz se bhArata A rahI hU.N | tuma kaisI ho aura kyA kara rahI ho? Hello right flight you","Karen: daughter, I am fine and I am packing now. I am coming to India by morning tomorrow. How are you and what are doing"
Daily Conversation - Travel Plans,"जेन: मैं भी अच्छी हूँ, माँ | मैं हमारी यात्रा की योजना बना रही हूँ","Jen: maiM bhI achChI hU.N, mA.N | maiM hamArI yAtrA kI yojanA banA rahI hU.N","Jen: I am well too, mother. I am making our travel plan"
Daily Conversation - Travel Plans,केरेन: मैं भी भारत-यात्रा के लिए बहुत उत्साहित हूँ | मुझे यात्रा की योजना के बारे में बताओ | I about,Karen: maiM bhI bhArata-yAtrA ke lie bahuta utsAhita hU.N | mujhe yAtrA kI yojanA ke bAre meM batAo | I about,Karen: am also very excited about India tour. Tell me the travel plan
Daily Conversation - Travel Plans,जेन: ठीक है | मैं तुम से दिल्ली अन्तराष्ट्रीय हवाईअड्डे पर मिलूँगी | हम दिल्ली में दो दिन रुकेंगी और दिल्ली में लाल क़िला और कुतुबमीनार देखेंगी Okay. airport days,Jen: ThIka hai | maiM tuma se dillI antarAShTrIya havAIaDDe para milU.NgI | hama dillI meM do dina rukeMgI aura dillI meM lAla qilA aura kutubamInAra dekheMgI Okay. airport days,Jen: I will meet you at the international in Delhi. We will stay in Delhi for two and will visit Red fort and Qutub minar
Daily Conversation - Travel Plans,केरेन: क्या हम जामा मस्जिद भी देखेंगी,Karen: kyA hama jAmA masjida bhI dekheMgI,Karen: Will we visit Jama masjid too
Daily Conversation - Travel Plans,"जेन: जी हाँ, जामा मस्जिद, लाल क़िला के पास ही है","Jen: jI hA.N, jAmA masjida, lAla qilA ke pAsa hI hai","Jen: Yes, Jama masjid is near by the red fort"
Daily Conversation - Travel Plans,केरेन: बहुत अच्छा | उसके बाद हम कहाँ जायेंगी,Karen: bahuta achChA | usake bAda hama kahA.N jAyeMgI,Karen: Very well. Where will we go after that
Daily Conversation - Travel Plans,"जेन: दिल्ली के बाद हम जयपुर और उदयपुर जायेंगी | जयपुर और उदयपुर में, हम बहुत सारे क़िले देखेंगी, राजस्थानी खाना खायेंगी और ख़रीदारी भी करेंगी | After In forts,","Jen: dillI ke bAda hama jayapura aura udayapura jAyeMgI | jayapura aura udayapura meM, hama bahuta sAre qile dekheMgI, rAjasthAnI khAnA khAyeMgI aura khrIdArI bhI kareMgI | After In forts,","Jen: Delhi, we will go to Jaipur and Udaypur. Jaipur and Udaypur, we will visit many eat Rajasthani food, and do shopping too"
Daily Conversation - Travel Plans,केरेन: मैंने सुना है कि राजस्थानी हस्तशिल्प बहुत मशहूर है,Karen: maiMne sunA hai ki rAjasthAnI hastashilpa bahuta mashahUra hai,Karen: I have heard that Rajasthani handicraft is very famous
Daily Conversation - Travel Plans,"जेन: हाँ माँ, हम राजस्थान से पंजाब जायेंगी और बाघा बॉडर पर हिन्दुस्तानी और पाकिस्तानी सैनिकों का परेड देखेंगी | Yes Rajasthan Pakistani","Jen: hA.N mA.N, hama rAjasthAna se paMjAba jAyeMgI aura bAghA baॉDara para hindustAnI aura pAkistAnI sainikoM kA pareDa dekheMgI | Yes Rajasthan Pakistani","Jen: mother, we will go to Punjab from and will see a parade by Indian and soldiers"
Daily Conversation - Travel Plans,केरेन: अरे वाह ! मैंने सुना है कि वह परेड बहुत नाटकीय है,Karen: are vAha ! maiMne sunA hai ki vaha pareDa bahuta nATakIya hai,Karen: Wao! I have heard that the parade is very dramatic
Daily Conversation - Travel Plans,"जेन: हाँ, हमें बहुत मज़ा आयेंगा | उसके बाद हम अमृतसर में गोल्डन टेम्पल देखेंगी और दिल्ली वापस आयेंगी | Yes, will will","Jen: hA.N, hameM bahuta mazA AyeMgA | usake bAda hama amRRitasara meM golDana Tempala dekheMgI aura dillI vApasa AyeMgI | Yes, will will",Jen: we will have so much fun. After that we go to visit golden temple in Amritsar and return to Delhi
Daily Conversation - Travel Plans,केरेन: यह तो बहुत अच्छी योजना है | तुम्हें अमेरिका से कुछ चाहिए anything,Karen: yaha to bahuta achChI yojanA hai | tumheM amerikA se kuCha chAhie anything,Karen: This is such a good plan. Do you need from America
Daily Conversation - Travel Plans,"जेन: नहीं माँ, मुझे कुछ नहीं चाहिए | मगर हाँ, तुम गर्म कपड़े मत लाना | आजकल हिन्दुस्तान में गर्मी का मौसम है | No do in","Jen: nahIM mA.N, mujhe kuCha nahIM chAhie | magara hA.N, tuma garma kapare mata lAnA | Ajakala hindustAna meM garmI kA mausama hai | No do in","Jen: mother, I do not need anything. But, please not bring warm clothes. It is summer season India these days"
Daily Conversation - Travel Plans,"केरेन: ठीक है बेटी, मैं तुमसे दिल्ली हवाईअड्डे पर मिलूँगी | Listening Study BBASIC","Karen: ThIka hai beTI, maiM tumase dillI havAIaDDe para milU.NgI | Listening Study BBASIC","Karen: Okay daughter, I will see you at Delhi airport. Listening Abroad Study Abroad HINDIASIC HINDI      247247"
Daily Conversation - Summer Vacation,"पीटर: नमस्ते शिल्पा, तुम कैसी हो","Peter: namaste shilpA, tuma kaisI ho","Peter: Hello Shilpa, How are you"
Daily Conversation - Summer Vacation,शिल्पा: मैं अच्छी हूँ | तुम कैसे हो,Shilpa: maiM achChI hU.N | tuma kaise ho,Shilpa: I am well. How are you
Daily Conversation - Summer Vacation,पीटर: मैं भी अच्छा हूँ| तुम्हारी गर्मी की छुट्टियाँ कैसी थीं,Peter: maiM bhI achChA hU.N| tumhArI garmI kI ChuTTiyA.N kaisI thIM,"Peter: I, too, am well. How was your summer vacation"
Daily Conversation - Summer Vacation,शिल्पा: मेरी गर्मी की छुट्टियाँ बहुत अच्छी थीं | मैं अपने परिवार के साथ हैदराबाद गयी थी | My Hyderabad,Shilpa: merI garmI kI ChuTTiyA.N bahuta achChI thIM | maiM apane parivAra ke sAtha haidarAbAda gayI thI | My Hyderabad,Shilpa: summer vacation was very good. I went to with my family
Daily Conversation - Summer Vacation,पीटर: अरे वाह ! हैदराबाद में तुम लोगों ने क्या – क्या किया,Peter: are vAha ! haidarAbAda meM tuma logoM ne kyA – kyA kiyA,Peter: Oh wao! What did you do in Hyderabad
Daily Conversation - Summer Vacation,"शिल्पा: हम लोग वहाँ एक सप्ताह रहे | हम ने शहर देखा | हम चार मीनार, गोलकुंडा फोर्ट, और रामू जी फ़िल्म सिटी गए | हम ने कई तरह की बिरयानियाँ खायीं | तुम गर्मी की छुटियों में कहाँ गए और क्या – क्या किया We wen film did","Shilpa: hama loga vahA.N eka saptAha rahe | hama ne shahara dekhA | hama chAra mInAra, golakuMDA phorTa, aura rAmU jI filma siTI gae | hama ne kaI taraha kI birayAniyA.N khAyIM | tuma garmI kI ChuTiyoM meM kahA.N gae aura kyA – kyA kiyA We wen film did","Shilpa: stayed there for a week. We saw the city. We to Char minar, Golkunda fort, and Ramu Ji city. We ate different types of biryani. Where you go in summer vacation and what did you do"
Daily Conversation - Summer Vacation,"पीटर: मैं अपने माता – पिता के घर, गोवा गया था | मैंने उनके साथ कुछ समय बिताया | मैंने घर की मरम्मत करने में उनकी मदद की | I times","Peter: maiM apane mAtA – pitA ke ghara, govA gayA thA | maiMne unake sAtha kuCha samaya bitAyA | maiMne ghara kI marammata karane meM unakI madada kI | I times",Peter: went to my parent’s house in Goa. I spent some with them. I help them fixing their house
Daily Conversation - Summer Vacation,शिल्पा: अरे वाह ! और ऋतिक तुम ने गर्मी की छुट्टियों में क्या किया summer,Shilpa: are vAha ! aura RRitika tuma ne garmI kI ChuTTiyoM meM kyA kiyA summer,"Shilpa: Oh wao! and Hritik, what did you do during the vacation"
Daily Conversation - Summer Vacation,ऋतिक: मैं घर पर ही था | मैंने  खाना पकाना सिखा,Hritik: maiM ghara para hI thA | maiMne  khAnA pakAnA sikhA,Hritik: I was at home. I learnt how to cook
Daily Conversation - Summer Vacation,पीटर: अरे वाह ! यह तो बहुत अच्छी बात है | अब तो ऋतिक हमारे लिए खाना बना सकता है | Oh for,Peter: are vAha ! yaha to bahuta achChI bAta hai | aba to RRitika hamAre lie khAnA banA sakatA hai | Oh for,Peter: wao! This is great. Now Hritik can cook food us
Daily Conversation - Summer Vacation,"ऋतिक: हाँ, क्यों नहीं Listening छुट्टियों के बाद Post-Reading/Listening Activities Post-Reading/Listening BBASIC","Hritik: hA.N, kyoM nahIM Listening ChuTTiyoM ke bAda Post-Reading/Listening Activities Post-Reading/Listening BBASIC","Hritik: Yes, why not? Listening Activities (a) Check your vocabulary learning: An interactive H5P element has been excluded from this version of the text. You can view it online here: https://openbooks.lib.msu.edu/basichindi/?p=1355#h5p-119 HINDIASIC HINDI      273273"
Daily Conversation - Independence Day,"पीटर: नमस्ते ऋतिक, स्वतंत्रता दिवस की हार्दिक शुभकामनाएँ","Peter: namaste RRitika, svataMtratA divasa kI hArdika shubhakAmanAe.N","Peter: Hello Hritik, happy independence day"
Daily Conversation - Independence Day,ऋतिक: धन्यवाद पीटर भाई | तुम्हें भी स्वतंत्रता दिवस की हार्दिक शुभकामनाएँ ! तुम स्वतंत्रता दिवस कैसे मनाओगे Thanks day independence,Hritik: dhanyavAda pITara bhAI | tumheM bhI svataMtratA divasa kI hArdika shubhakAmanAe.N ! tuma svataMtratA divasa kaise manAoge Thanks day independence,Hritik: brother Peter. Happy independence to you too! How will you celebrate the day
Daily Conversation - Independence Day,"पीटर: मैं अभी इंडिया गेट से स्वतंत्रता दिवस का परेड देख कर आया हूँ | इसके बाद मैं और मेरे कुछ दोस्त दिल्ली के ऐतिहासिक स्थान देखने जायेंगे | उसके बाद हम शायद बाहर खाना खायें |तुम क्या करोगे I watching this, some might","Peter: maiM abhI iMDiyA geTa se svataMtratA divasa kA pareDa dekha kara AyA hU.N | isake bAda maiM aura mere kuCha dosta dillI ke aitihAsika sthAna dekhane jAyeMge | usake bAda hama shAyada bAhara khAnA khAyeM |tuma kyA karoge I watching this, some might","Peter: am just coming from India gate after independence day’s parade. After Me and a few of my friends will go to visit historical places. After that, perhaps, we eat out. What will you do"
Daily Conversation - Independence Day,"ऋतिक: क्या बताऊँ? मेरी कोई योजना नहीं है | शायद, मैं घर जाके सोऊँ | go","Hritik: kyA batAU.N? merI koI yojanA nahIM hai | shAyada, maiM ghara jAke soU.N | go","Hritik: What to tell? I have no plans. Perhaps, I might home and sleep"
Daily Conversation - Independence Day,पीटर: अगर तुम चाहो तो हमारे साथ चल सकते हो,Peter: agara tuma chAho to hamAre sAtha chala sakate ho,Peter: If you want you can come with us
Daily Conversation - Independence Day,"ऋतिक: नहीं दोस्त, मैं आज आराम करूँगा | मगर यह तो बताओ कि तुम लोग आज ऐतिहासिक स्थान देखने क्यों जा रहे हो No you","Hritik: nahIM dosta, maiM Aja ArAma karU.NgA | magara yaha to batAo ki tuma loga Aja aitihAsika sthAna dekhane kyoM jA rahe ho No you","Hritik: friend, I will rest today. But tell me why all are going to visit historical places today"
Daily Conversation - Independence Day,पीटर: क्योंकि हर राष्ट्रीय त्योहार में इन जगहों पर प्रवेश नि:शुल्क होता है Because,Peter: kyoMki hara rAShTrIya tyohAra meM ina jagahoM para pravesha ni:shulka hotA hai Because,Peter: entry is free at all these places on national festival/holidays
Daily Conversation - Independence Day,ऋतिक: अरे वाह ! इंडिया में और कौन – कौन से राष्ट्रीय त्योहार हैं in,Hritik: are vAha ! iMDiyA meM aura kauna – kauna se rAShTrIya tyohAra haiM in,Hritik: Oh Wao! What are the other national festivals India
Daily Conversation - Independence Day,"पीटर: हिन्दुस्तान में कई क्षेत्रीय त्योहार हैं, मगर राष्ट्रीय त्योहार सिर्फ़ तीन हैं –  स्वतंत्रता दिवस (15 अगस्त), गणतंत्रता दिवस (26 जनवरी), और गाँधी जयन्ती (2 अक्टूबर) | There are many regional festival/holiday, – independence day (15 August),","Peter: hindustAna meM kaI kShetrIya tyohAra haiM, magara rAShTrIya tyohAra sirf tIna haiM –  svataMtratA divasa (15 agasta), gaNataMtratA divasa (26 janavarI), aura gA.NdhI jayantI (2 akTUbara) | There are many regional festival/holiday, – independence day (15 August),","Peter: but there are only three national festivals/holidays republic day (26 January), and Gandhi’s birthday (2nd October"
Daily Conversation - Independence Day,"ऋतिक: बहुत अच्छा ! शायद, मैं भी २ अक्टूबर को इन जगहों पर जाऊँ | on","Hritik: bahuta achChA ! shAyada, maiM bhI 2 akTUbara ko ina jagahoM para jAU.N | on","Hritik: Very well ! Perhaps, I too will go to these places 2nd October"
Daily Conversation - Independence Day,"पीटर: विद्या, आज तुम उदास क्यों लग रही हो ? क्या तुम्हें स्वतंत्रता दिवस की ख़ुशी नहीं है Vidya, not","Peter: vidyA, Aja tuma udAsa kyoM laga rahI ho ? kyA tumheM svataMtratA divasa kI khushI nahIM hai Vidya, not",Peter: why are you looking sad today? Are you happy on independence day
Daily Conversation - Independence Day,"विद्या: नहीं नहीं, ऐसी कोई बात नहीं है | मगर आज मेरा जन्मदिन भी है और सब मुझे स्वतंत्रता दिवस की शुभकामनाएँ दे रहे हैं, जन्मदिन की नहीं | No birthday happy","Vidya: nahIM nahIM, aisI koI bAta nahIM hai | magara Aja merA janmadina bhI hai aura saba mujhe svataMtratA divasa kI shubhakAmanAe.N de rahe haiM, janmadina kI nahIM | No birthday happy","Vidya: No, it is not like that. But today is my too, and every one is wishing me independence day, and not happy birthday"
Daily Conversation - Independence Day,ऋतिक: आज तुम्हारा जन्मदिन है? जन्मदिन की हार्दिक शुभकामनाएँ विद्या चलो आज हम सब तुम्हारा जन्मदिन मनायेंगे | Today Let’s,Hritik: Aja tumhArA janmadina hai? janmadina kI hArdika shubhakAmanAe.N vidyA chalo Aja hama saba tumhArA janmadina manAyeMge | Today Let’s,Hritik: is your birthday? Happy birthday Vidya! celebrate your birthday together
Daily Conversation - Independence Day,"पीटर: जन्मदिन मुबारक हो, विद्या","Peter: janmadina mubAraka ho, vidyA",Peter: Happy birthday Vidya
Daily Conversation - Independence Day,विद्या: धन्यवाद ! तुम लोगों को भी स्वतंत्रता दिवस की शुभकामनाएँ  | Listening शुभकामनाएँ Post-Reading/Listening Activities Post-Reading/Listening (a) 282282,Vidya: dhanyavAda ! tuma logoM ko bhI svataMtratA divasa kI shubhakAmanAe.N  | Listening shubhakAmanAe.N Post-Reading/Listening Activities Post-Reading/Listening (a) 282282,Vidya: Thanks! Happy independence day to you all. Listening Activities Check your vocabulary Rajiv RanjanRajiv Ranjan
